image_path,caption,image_entropy_total,image_entropy_r,image_entropy_g,image_entropy_b,text_entropy
img\image_0.jpg,"English: Puerto Rican Giant Centipede, Scolopendra gigantea; Vieques, Puerto Rico Slovenčina: Stonožka obrovská, Scolopendra gigantea; Vieques, Portoriko",7.685630947097618,7.705777263003484,7.713947411349322,7.637168166940047,4.269140882381879
img\image_1.jpg,English: Moulay Ali Cherif Mausoleum in Rissani south east Morocco,5.495579503842269,5.559248438741571,5.824226559034347,5.103263513750886,3.927911687403116
img\image_2.jpg,"English: Teucrium corymbosum, Marysville, Victoria, Australia",7.34643533481232,7.614480315014676,7.299868468812363,7.124957220609918,4.12560399430953
img\image_3.jpg,Tropical Storm Fausto at high latitude in the central Pacific Ocean,7.173425038655599,7.1751790046691895,7.169093608856201,7.176003456115723,3.8719141025369597
img\image_4.jpg,Bersée Nord Nord-Pas-de-Calais-Picardie France.,7.509659880235307,7.52808315072199,7.713046877887096,7.287849612096833,3.8821769594621522
img\image_5.jpg,English: Igreja do Rosário,7.496492215652302,7.384286268963188,7.616439282635005,7.488751095358712,3.7381493331928657
img\image_6.jpg,"English: Blaine Luetkemeyer, member of the United States House of Representatives.",6.8371022813868905,7.120869261939137,6.706787768533323,6.683649813688213,4.053773158025588
img\image_7.jpg,Deutsch: Optische Täuschung: Jastrow-Illusion,7.437116154861094,7.1028049677062635,7.576284855115748,7.632258641761274,4.172206918879583
img\image_8.jpg,"English: Konkalisahak, wayang kulit figure from the epos Serat Menak Sasak Deutsch: Konkalisahak, Wayang Kulit Figure aus dem Epos Serat Menak Sasak",7.105879973856968,7.072563448779828,7.11521430383759,7.129862168953488,4.099860704961841
img\image_9.jpg,"English: The Christian-Patterson Rental Property in Eugene, Oregon, listed on the NRHP",7.653417656007343,7.748648520052158,7.708874311602051,7.502730136367821,3.9218241848508724
img\image_10.jpg,English: Panasonic Lumix DMC-FZ30 digital camera Suomi: Panasonic Lumix DMC-FZ30 -digitaalikamera,4.95065234966938,4.89044590321788,4.975040355833148,4.986470789957114,4.3155662447909915
img\image_11.jpg,"English: Gideon Emery recording in studio in Los Angeles, 2017.",7.408744129409335,7.637668672032541,7.379539150418092,7.209024565777373,4.112755765047084
img\image_12.jpg,"Magyar: Horváth Ernő (Budapest, 1883. november 11. – Budapest, 1943. január 3.) tanár, a hazai aviatika úttörőjének sírja Budapesten. Kerepesi temető: 49-2-57.",7.597407263032782,7.599634390126516,7.564117506646392,7.628469892325437,4.812417404406525
img\image_13.jpg,"English: St.-Maurus-Kapelle, Beuron (Donautal), erbaut 1868–1870, Architect: Desiderius Lenz. Wallpicture of Holy Maurus Juli 2016 Deutsch: St.-Maurus-Kapelle, Beuron (Donautal), erbaut 1868–1870, Architekt: Desiderius Lenz. Wamdbild: Tod des Heiligen Maurus Juli 2016",7.2576904028376035,7.191662962082667,7.2825452934434045,7.298862952986738,4.700908929643759
img\image_14.jpg,English: Eastern Dedicated Freight Corridor of India is under construction,7.018370196269175,6.857013164799615,6.9539268922143,7.2441705317936105,3.846939684798163
img\image_15.jpg,Eesti: Fail kirjeldab veereva katiku nähtust,7.461617326686908,7.293752313600654,7.389310793491356,7.701788872968714,3.96228836907077
img\image_16.jpg,Português: Humberto Silva concede entrevista após fundação do Fundo Mundial para as Hepatites.,7.206610878865326,7.395888528244577,7.2297761659146556,6.994167942436744,4.294389485271047
img\image_17.jpg,"Italiano: Federico II riceve dal filosofo Michele Scoto la traduzione delle opere di Aristotele, 1860",7.489692802118174,7.718619279685414,7.521553981835206,7.228905144833902,4.0192987557172515
img\image_18.jpg,"Português: Antigos galpões da Cooperativa Agrícola de Cotia, no distrito do Jaguaré, cidade de São Paulo, Brasil",7.466803565725082,7.616506516160181,7.558794230141282,7.225109950873783,4.146944863899846
img\image_19.jpg,"Lanius meridionalis, Pêra, Algarve, Portugal",3.438856399611138,3.5372438568618216,3.3355038367376264,3.443821505233965,3.9534165616716064
img\image_20.jpg,"English: Invesco, a company started in Atlanta, moved to London and back to Atlanta, is headquartered in this building on Peachtree Street north of the High Museum of Art and near I-85.",7.267708232143627,7.264119551638799,7.2205918919078105,7.318413252884272,4.178313349821418
img\image_21.jpg,English: Entrance of the Neurological Institute of New York,7.721594471201475,7.750741415333629,7.710304775392313,7.703737222878484,3.9522987203460653
img\image_22.jpg,"Königlicher Kronen-Orden (Preußen): Bruststern zur I. Klasse (3. Modell), Avers.",4.613582743479002,4.5623707211274755,4.6286182541709024,4.649759255138628,4.447521807193078
img\image_23.jpg,"English: The RVCodeEditor is a part of RenovatioCMS. It enables you to edit the php, sql, html, java script and css source code of your RenovatioCMS documents. Nederlands: De RVCodeEditor is een deel van RenovatioCMS. Zij stelt u in staat om de php, sql, html, javascript en css broncode van uw RenovatioCMS documenten te beheren.",3.607086647887309,3.8098385238661727,3.712350237285811,3.299071182509943,4.200669576804377
img\image_24.jpg,"Español: Karol Cariola durante la visita de la candidata presidencial Nueva Mayoría, Michelle Bachelet, a la comuna de Independencia, el 24 de agosto de 2013.",6.441823253119542,6.371717219494856,6.446593467169425,6.507159072694345,4.195497280897887
img\image_25.jpg,Polski: Kolejka linowa Elka w Parku Śląskim w Chorzowie 2013,7.117437075259011,7.1768849514034,7.211897378372112,6.963528896001519,4.206669454469437
img\image_26.jpg,"English: Dar Seffarine in Fes, Morocco",7.757020578015187,7.789076167295937,7.755729342129381,7.726256224620243,3.8758494743010163
img\image_27.jpg,Julin (Polska) - plantacja nasienna,7.372900563465701,7.48693824637852,7.557432350256597,7.074331093761987,3.7614457889184734
img\image_28.jpg,"English: TruJet ATR 72-500, registered VT-TMP, pushing back at Rajiv Gandhi Intl Airport Hyderabad bound for Rajahmundry.",7.246390538315121,7.310893159731799,7.256083239019739,7.172195216193822,4.477811656948126
img\image_29.jpg,Čeština: Obecní úřad v obci Malá Štáhle,7.352007459759942,7.592463534471881,7.3733935046334995,7.090165340174443,4.182336834024969
img\image_30.jpg,"Red-browed Finch, Neochmia temporalis; wild bird",7.6341571116642255,7.679425845312506,7.631787976418692,7.591257513261477,4.168833991324552
img\image_31.jpg,"English: Temple, Budapest, Hungary, aerial photography Magyar: A Szent Gellért-templom Budapest XI. kerületében. Épült Kiss András Ybl Miklós-díjas építész tervei szerint 1984 és 1992 között",7.8561546042892205,7.868572778398807,7.836051957405896,7.86383907706296,4.708396676455449
img\image_32.jpg,William Dutcher,5.306196137474372,5.270439741881271,5.290388271303383,5.357760399238461,3.640223928941851
img\image_33.jpg,"Hymenocallis occidentalis - Woodland, hammock, or northern spider-lily",7.646686249032306,7.672590984199535,7.732312169384776,7.535155593512607,4.1250446259664315
img\image_34.jpg,"English: Brigade General Tahsin Yazıcı receiving the Silver Star from Lieutenant General Walton Walker (December 15, 1950).",7.284741233023777,7.447000321549216,7.309973592374393,7.097249785147721,4.414133940966401
img\image_35.jpg,"English: Peninsula Eggøya, Jan Mayen. Deutsch: Halbinsel Eggøya, Jan Mayen. Holzschnitt aus dem Expeditionsbericht der Norwegische Nordmeerexpedition.",6.296717006815985,6.296717006815985,6.296717006815985,6.296717006815985,4.363223100827203
img\image_36.jpg,"English: Drosophila setosimentum, one of the Hawaiian picture-wing species.",6.816191857895134,6.739555508537,6.801258570381594,6.90776149476681,4.182366111091028
img\image_37.jpg,"""English: Stephen B Whatley standing in front of """"The Sleeping Beauty Beyond The Wall: Kensington Palace""""""",7.409339317030054,7.235631510440105,7.226784419425814,7.765602021224243,4.131743375398898
img\image_38.jpg,"Português: Boeing 737-300 da Sideral Air Cargo, de prefixo PR-SDL, no Aeroporto de São Luís, Maranhão.",6.864289347602561,6.7866396524444745,6.987038105664979,6.819190284698229,4.412553353594993
img\image_39.jpg,"A school of Jack Mackerel (Trachurus declivis). Fairy Bower, Manly, NSW",7.167884473314875,7.0171311040585085,7.246431893993247,7.240090421892869,4.36519466310697
img\image_40.jpg,Masdevallia coccinea f. alba 'Snowbird' AM/AOS,4.228819708925708,4.422216331306897,4.07010133358353,4.194141461886698,3.971734173768879
img\image_41.jpg,"Nederlands: Het grafmonument van Sebastiaan boven zijn graf door Giuseppe Giorgetti (c.1671-72) in de Sint Sebastiaan buiten de Muren, langs de Via Appia in Rome",6.94222020624855,6.948540531819516,6.926376111307123,6.95174397561901,4.3004779039627925
img\image_42.jpg,Português: Vice-Almirante Fernando de Quintanilha e Mendonça Dias,7.446844153943822,7.330734405639658,7.478885264549465,7.53091279164234,4.19016136917265
img\image_43.jpg,"""San Marino, October 6–7, 2006. The 1990–91 Lancia Delta HF Integrale 16v of Massimo """"Miki"""" Biasion at 2006 Rally Legend.""",7.752434582937146,7.734206322466177,7.756195589270699,7.766901837074565,4.499764502893219
img\image_44.jpg,"Deutsch: Schematische Darstellung eines Schweins, Schweinskopf.",1.8469144519823297,1.854904801297621,1.8393636548626657,1.8464748997867027,4.102468273683174
img\image_45.jpg,English: inside,7.607410125013349,7.630857914441773,7.60651078325697,7.584861677341305,3.189898095464287
img\image_46.jpg,Nederlands: BAG woonplaatsen - Gemeente Teylingen.png,3.762160240555019,3.6917369556184862,3.825710644799844,3.769033121246726,3.8854913886812255
img\image_47.jpg,Русский: Ночь в Гранд Макете,6.130044007060999,6.146277211807359,5.940999877780559,6.302854931595079,4.09306920777189
img\image_48.jpg,English: Recreation of the Department of Finance chart on the distribution of Irish exchequer tax revenues,2.1659997849930783,2.1169571974154286,2.168150953815678,2.2128912037481285,4.012639974929527
img\image_49.jpg,Русский: Станция метро «Горьковская» Нижегородского метрополитена English: Gorkovskaya metro station of the Nizhny Novgorod metro,6.977437215395443,7.162466428352411,7.082636049447861,6.687209168386058,5.020225078292843
img\image_50.jpg,"English: South Shore Hospital. The NHS hospital on Lytham Road, seen from outside St.Margaret's Catholic chapel, to the right of shot.",6.47107381260068,6.505012075555245,6.432787017847319,6.475422344399476,4.061937101503602
img\image_51.jpg,"English: Dresden Park Railway, Saint Nicholas' Eve, Steam locomotives 001 Lisa (right) and 003 Moritz shorly after water refilling at ZOO station (white water tower on the left)Deutsch: Dresdner Parkeisenbahn, Nikolausfahrten, Dampflokomotiven 001 Lisa (rechts) und 003 Moritz kurz nach dem Wasserauffüllen (weißer Wasserturm am linken Bildrand), Bf. ZOOČeština: Drážďanská parková dráha, Mikulášské jízdy, parní lokomotivy 001 Lisa (vpravo) a 003 Mořic krátce po doplnění vody (bílá vodárna vlevo) v prostoru stanice ZOO",7.7590134288146,7.7721962296482845,7.7775464318545575,7.727297624940957,4.694591914437053
img\image_52.jpg,"Español: El Museo nacional de etnografía de Nampula es el único museo nacional de Mozambique que no está localizado en Maputo.Português: O Museu Nacional de Etnografia de Nampula, é o único museu nacional moçambicano não localizado em Maputo. O edifício é um projecto do arquitecto Mário de Oliveira",7.552633485428956,7.617493363879146,7.726124851557521,7.314282240850199,4.211374431429611
img\image_53.jpg,Deutsch: Das Dallauer Schloss: Eckturm und Palas blieben erhalten.,7.373317775398043,7.371637367176901,7.435254359883112,7.313061599134114,4.014769165143282
img\image_54.jpg,"""English: Stora Teatern (""""Grand Theater"""") in Gothenburg, Sweden. Svenska: Stora Teatern i Göteborg.""",7.635056088971541,7.592431071574439,7.644770654193646,7.667966541146537,4.133709994541179
img\image_55.jpg,Српски / srpski: Иконостас у Православној цркви Светог Глигорија у Товаришеву,7.261544356467538,7.501181463131659,7.382695211303282,6.900756394967672,4.271475873502887
img\image_56.jpg,Euskara: Sentimenduen analisirako Talaia ataria. 2016ko EAEko hauteskunde autonomikoen termmetro digital gisa. English: Talaia portal of sentiment analysis. Digital thermometer of the 2016 regional elections.,3.7645627708576743,3.7823190921499634,3.766108858807651,3.7452603616154088,4.157889417633971
img\image_57.jpg,This file was uploaded with Commonist. Italiano: Grappolo di pomodori cigliegino a diverso grado di maturazione,7.238212071445742,7.641642552394415,7.338639794357114,6.734353867585695,4.068006717305965
img\image_58.jpg,"""English: Drawing of Lelwel Hartebeest (Alcelaphus buselaphus lelwel), from """"Records of Big Game"""", Rowland Ward""",2.7403446024363967,2.740344602436397,2.740344602436397,2.740344602436397,4.288670543592647
img\image_59.jpg,English: Archives New Zealand Reference: ACGO 8333 IA1 1350 / 15/11/59182,5.986941554767353,5.212275136324404,6.26195693529039,6.486592592687268,4.32526108027105
img\image_60.jpg,English: 80 Jahre Citroen Traction Avant 2014 La Ferte-Vidame,6.012248844242542,5.9499583467878985,6.027054483541681,6.059733702398046,4.2482915919384485
img\image_61.jpg,"English: Diodora rueppellii (G.B. Sowerby I, 1835) (underside) , a keyhole limpet from the family Fissurellidae; Malaga, Spain",6.392297984704981,6.4399447064694275,6.3905489897249685,6.346400257920546,4.4644820298445795
img\image_62.jpg,"Português: Brasília - Os ministros das Relações Exteriores do Suriname e do Brasi, Winston Lackin e Antônio Patriota, dão entrevista sobre os acordos de cooperação entre os dois países.",7.155329192068572,7.131012217932723,7.160750001938449,7.174225356334547,4.136395992518216
img\image_63.jpg,English: Flag of Aga Niigata 日本語: 阿賀町旗,1.4664862776747514,1.3762586234748246,1.4801597055484446,1.543040504000985,3.988077434998132
img\image_64.jpg,Deutsch&#x3a;&#32; The Black Dahlia Murder - Wacken Open Aire 2016English&#x3a;&#32; The Black Dahlia Murder - Wacken Open Aire 2016,4.874302059054998,5.3945188886096656,4.621758392459582,4.606628896095749,4.546854138840013
img\image_65.jpg,English: Adding cloisons to patterned base Cloisonne production at an official state production facility. Picture taken late September 2002 by Leonard G. Selectively digitally blurred for jpeg image storage reduction.,7.908146932851658,7.930686889801936,7.906659987531917,7.887093921221118,4.23888058197207
img\image_66.jpg,"""Sculpture """"De Eenden"""" in Wanroij, The Netherlands""",7.2442266400605355,7.243755672884502,7.099966598315158,7.388957648981947,3.901618803252421
img\image_67.jpg,Italiano: Modica: interno della chiesa di S. Maria di Betlemme (xilografia di Barberis 1892).,7.652336110394192,7.73547300877233,7.725257842458353,7.4962774799518925,4.175239422078684
img\image_68.jpg,Polski: Tomasz Majewski na stadionie Orła podczas 4. Mityngu Kamili Skolimowskiej 25 sierpień 2013,6.597692586253776,6.666891488598456,6.63761608707458,6.488570183088293,4.417659798384442
img\image_69.jpg,Official Russian Empire coat of arms Turgai Oblast. Герб Российской Империи Тургайской области в Гербовнике МВД. Утверждён Императором Всероссийским Александром Вторым в 1878 году.,6.970026491505588,6.997354643036459,6.984645671885836,6.928079159594469,4.918029219332537
img\image_70.jpg,日本語: 城南学園幼稚園,7.824109358201553,7.883676796004421,7.837192940235998,7.751458338364238,3.4182958340544896
img\image_71.jpg,English: Portrait of Lord Stanley of Preston.,6.929355756480253,6.929355756480254,6.929355756480254,6.929355756480254,3.933209418831506
img\image_72.jpg,"The Clash, Chateau Neuf, Oslo, Norway",4.967587321631659,4.967587321631659,4.967587321631659,4.967587321631659,3.841096866085959
img\image_73.jpg,Structure of presenilin,1.0077720406042496,1.1045014230500356,0.7975770810683871,1.1212376176943257,3.588354347173234
img\image_74.jpg,"""English: A starboard quarter view of a Soviet Project 941 """"Akula"""" class (NATO reporting name: """"Typhoon"""") ballistic missile submarine underway.""",7.603167866413782,7.6031678664137825,7.6031678664137825,7.6031678664137825,4.472806842011814
img\image_75.jpg,Alishan Forest Railway Diesel locomotive DL42 阿里山森林鐵路柴油機車DL42,7.495724534836296,7.5743173482514745,7.545248064191307,7.367608192066107,4.610584468497626
img\image_76.jpg,"Karachi Streetshots. Karachi by day, on the road.",7.389055408225079,7.402956546456512,7.427537098235284,7.336672579983439,3.871323681559686
img\image_77.jpg,"Русский: Фрост Олимпос в Авачинской бухте, Тихий океан, Авачинская губа, Камчатский край, Петропавловск-Камчатский in Avacha Bay Petropavlovsk-Kamchatskiy 27 August 2010 (в бухте находятся военный корабль Иней с сопровождением РБ-262, Фрост Олимпос и катер береговой охраны, на заднем плане ЗАТО Вилючинск и вулкан Вилючинская сопка) English: Frost Olympos in Avacha Bay Petropavlovsk-Kamchatskiy 27 August 2010 (Iney assisted by RB-262; patrol vessel of the coast guard of the Russian Federation, ZATO (closed administrative-territorial formation) Vilyuchinsk and Vilyuchik in the background)",7.0117914740257445,7.239892578527288,6.910492026424168,6.8849898171257795,5.352626656941802
img\image_78.jpg,"Français&#160;: Diffa offerte le 30 septembre 1866, par la société minière Mokta el-Hadid (Algérie), au vice-amiral de Gueydon, commandant en chef.",6.779143413849277,6.461998136055556,6.907354140232799,6.968077965259476,4.656028616543548
img\image_79.jpg,Nederlands: Bibliotheek van Merksem,6.010124744638979,6.047768276051291,6.022934464856707,5.959671493008939,3.9001530166977116
img\image_80.jpg,"English: 'Resolution' in Belfast. The highly unusual ship 'Resolution' in the building dock at Harland and Wolff in Belfast beneath the gantry cranes 'Samson' and 'Goliath' 599214 The ship is used in the construction of offshore windfarms and was in Belfast to collect turbine foundations that had been manufactured by Harland and Wolff for an offshore windfarm in the Solway Firth (see http://news.bbc.co.uk/1/hi/scotland/south_of_scotland/7151034.stm ). Its unusual shape comes from the six 130m legs which, once on site, jacks the vessel out of the water and provides a stable working platform to construct windfarms at sea. See http://www.ship-technology.com/projects/mayflower/ for some technical info on the Resolution.",7.206471047752809,7.45436259105154,7.184504788333734,6.980545763873152,4.505475859965822
img\image_81.jpg,"""9th Annual Saturday Night Cruise-In September 20,2014 Hastings, Minnesota My second time to this event and the second time I got rained on. It was nice before and after the rain though. I did miss quite a few great cars that left before I could capture them, including a white 1962 Imperial that I caught a glimpse of at &quot;Back to the 50's&quot; More of my car pictures at my Flickr site: &lt;a href=""""https://www.flickr.com/photos/greggjerdingen/collections/72157631550277505/""""&gt;www.flickr.com/photos/greggjerdingen/collections/72157631...&lt;/a&gt;""",7.430108967253857,7.489761761506452,7.429046338462312,7.371518801792807,4.748500928418427
img\image_82.jpg,"English: Samuel Cole Wright, a veteran of the American Civil War and recipient of the Medal of Honor",7.197949727376302,7.197949409484863,7.197949409484863,7.197949409484863,4.04325496976185
img\image_83.jpg,Norsk bokmål: NM landevei fellesstart 2020 Røyse - 9 Idar Andersen - 13 Jonas Iversby Hvideberg,7.456110197812266,7.45005746745646,7.482246537123396,7.436026588856942,4.3539641685724
img\image_84.jpg,English: Municipal locator,3.1938578214323208,3.261283750562418,3.1600833695076096,3.1602063442269346,3.9500637564362093
img\image_85.jpg,"Русский: Иконостас, барабан",7.7338300995061795,7.771061304022098,7.6663749703839095,7.764054024112531,3.6437763910523575
img\image_86.jpg,English: Iran - Hamedan view from Alvand Mountain,7.309537929021073,7.026558944546338,7.189939816165456,7.7121150263514275,3.978366793760432
img\image_87.jpg,"English: Limestone sarcophagus of Bakenranef, vizier under Psametek I. From his tomb (Saqqara). Reign of Psametek I, 26th dynasty, Late Period. Florence, Museo archeologico nazionale. Italiano: Sarcofago in pietra calcarea di Bakenrenef, visir sotto Psammetico I, rinvenuto nella sua tomba a Saqqara. Regno di Psammetico I, XXVI dinastia, Epoca Tarda. Firenze, Museo archeologico nazionale.",7.008852544300847,7.3290468422278074,7.078152177948407,6.619358612726327,4.335085156920799
img\image_88.jpg,Français&#160;: Le bâtiment voyageurs vers 1900.,7.849824020627274,7.849824020627274,7.849824020627274,7.849824020627274,4.571854365656769
img\image_89.jpg,"Italiano: Abbazia di San Michele Arcangelo a Poggio Renatico. In stile gotico-lombardo del XIV secolo, è stata inaugurata nel 1907. Sul tetto sono visibili i danni del terremoto dell'Emilia del 2012. Sulla destra si intravedono i detriti derivanti dai resti del campanile, demolito con 120 microcariche di dinamite dopo essere rimasto seriamente danneggiato dal terremoto.",6.986298649478496,7.214704734726774,7.344768995677992,6.399422218030725,4.1471247401854825
img\image_90.jpg,Localisation du Bassigny,6.049574742822233,6.490782554609595,6.22340313988574,5.434538533971361,3.6572682296173897
img\image_91.jpg,Ελληνικά: Γιώργος Σουφλιάς,7.215873639991012,7.415212237588199,7.176163713898295,7.056244968486542,3.9500637564362093
img\image_92.jpg,English: States won by PRI,0.5106579297759654,0.2382120667856201,1.0554453707651412,0.2383163517771347,3.9021748142117274
img\image_93.jpg,Deutsch: Bezirk Feldkirchen,1.4987535265050116,1.4987535265050116,1.4987535265050116,1.4987535265050116,3.9400726873486547
img\image_94.jpg,English: Batavia Stad Nederlands: Batavia Stad,7.778316016097601,7.812258847644286,7.818124108815697,7.70456509183282,3.6452222170590125
img\image_95.jpg,"Hip hop group Little Brother performing in Atlanta, Georgia.",6.319398225553382,6.63373211213022,6.231691992764174,6.09277057176575,3.896834613373055
img\image_96.jpg,English: Grumman F-11F Tiger and Fleet Model 2 in the Cradle of Aviation Museum. Grumman F-11F Tiger en Fleet Model 2 in het Cradle of Aviation Museum.,7.54721803145637,7.725171628071465,7.409059270288521,7.507423196009122,4.126295109655747
img\image_97.jpg,"Форт Александр I. Внутренний двор. This is a photo of a cultural heritage object in Russia, number: 7810285015 This template and pages using it are maintained by the Russian WLM team. Please read the guidelines before making any changes that can affect the monuments database!",7.703694466033368,7.810765663824084,7.664893403750322,7.635424330525698,4.67788833462867
img\image_98.jpg,Paul-Gerhardt-Gymnasium in Gräfenhainichen,7.242931629223254,7.420800982063382,7.235826245358059,7.072167660248322,4.091622411276601
img\image_99.jpg,Deutsch: Kurt Christoph Graf von Schwerin Русский: Памятник графу Шверину,7.598061101023685,7.578944281825032,7.576746710408974,7.638492310837049,4.9150485311271215
img\image_100.jpg,"English: Hagfish, Duiker Point, Cape Peninsula.",6.9742483060886995,6.63188451147845,7.340207894227976,6.95065251255967,4.1452520227940735
img\image_101.jpg,Slovenščina: Kapela Puževci Slovenija English: Chapel Puževci Slovenia,7.4874505863527,7.660405858512755,7.614161080750453,7.18778481979489,4.030570653793757
img\image_102.jpg,Deutsch: Jörg Zager,7.360261086983525,7.4048661338763395,7.272805072451794,7.403112054622442,3.8268748818646374
img\image_103.jpg,"Deutsch: Eustachius de Lannoy ergibt sich 1741, nach der Schlacht von Colachel, Gemälde, um 1750, Padmanabhapuram Palast, Tamil Nadu, Indien",7.4054065666438165,7.573839224913453,7.519291904572016,7.123088570445981,4.357683366296772
img\image_104.jpg,Čeština: Stolová hora Pfaffenstein Autor Zp.,7.723979222360441,7.7767617451682005,7.747094458674223,7.648081463238899,4.144106550888951
img\image_105.jpg,"English: Nishitetsu Shirakibaru Station(eastside entrance), Nishitetsu Tenjin Omuta Line. 日本語: 西鉄天神大牟田線 白木原駅（東口）",7.372732807002727,7.381090037073313,7.375571081189631,7.361537302745238,4.689681581840394
img\image_106.jpg,Català: Maquesta del lloc arqueològic de Kotosh del Museu de Kotosh,7.727049576351585,7.77870289627015,7.6675098358067455,7.73493599697786,3.97273331898716
img\image_107.jpg,"English: Thomas Fischer-Dieskau, nephew of Dietrich Fischer-Dieskau, receives the 2005 Polar Music Prize in place of his uncle from the hands of His Majesty, King Carl XVI Gustaf of Sweden at the Stockholm Concert Hall.",3.3840396818722063,4.04696244084458,3.3260669234887392,2.779089681283298,4.363206382860016
img\image_108.jpg,福州东站 - Fuzhou East Railway Station - 2014.09,7.508746640579898,7.707200350954783,7.517382376069412,7.301657194715499,4.45019589235169
img\image_109.jpg,"English: Lutheran church in Moruț, Bistrița-Năsăud county, Romania Română: Biserica evanghelică (turnul clopotniță și ruina navei bisericii evanghelice C.A.), sat Moruț; comuna Matei This is a photo of a historic monument in județul Bistrița-Năsăud, classified with number BN-II-m-B-01679",7.653834365997319,7.61577781241564,7.677456427773468,7.6682688578028495,4.531039014607996
img\image_110.jpg,Eesti: Stockholmi Eesti Kooli koor XI noorte laulu- ja tantsupeo rongkäigus,7.6524402713584605,7.618937385061642,7.650556136195237,7.687827292818502,4.030922825273811
img\image_111.jpg,English: Folk festival in Bukowsko.,7.607679597647255,7.743179487318455,7.7067025841253685,7.373156721497944,4.050013373778756
img\image_112.jpg,"Deutsch: Neudörfl, „Hofleithamühl“.",7.7325590198465335,7.7325590198465335,7.7325590198465335,7.7325590198465335,4.343289445392767
img\image_113.jpg,"Deutsch: Pallas Spangel, Rektor Universität Heidelberg, Buchtitelseite",6.618643832163156,6.655859541042805,6.554573746150805,6.6454982092958605,4.136795526410613
img\image_114.jpg,"Deutsch: Lageplan der Südburg von Hattusa, Zentraltürkei",1.2082800156826585,1.2082800156826585,1.2082800156826585,1.2082800156826585,4.233906101728056
img\image_115.jpg,English: Labour Members of Parliament at the opening of a new session of Parliament,7.238036105544411,7.238036105544411,7.238036105544411,7.238036105544411,3.9391738745379006
img\image_116.jpg,"Русский: Смоленское кольцо , 1 этап RTCC 2011",7.387104365731716,7.449255382285143,7.400859134804699,7.311198580105304,4.354936219469005
img\image_117.jpg,Ukrainian SSR (Украинская ССР).,6.542827973345712,7.014258968790793,6.451542106472074,6.16268284477427,4.1313003425053605
img\image_118.jpg,Deutsch: Kartoffelstampfer,5.219716164152028,5.249098658864857,5.179577104729655,5.230472728861571,3.921029621737614
img\image_119.jpg,"English: 50th Munich Security Conference 2014: Saeb Erekat,Valéry Giscard d'Estaing and Tzipi Livni: Saeb Erekat (Head of the Palestinian Negotiation Steering and Monitoring Committee, Palestinian National Authority), Valéry Giscard d'Estaing (Former President of the French Republic) and Tzipi Livni (Minister of Justice, State of Israel).",7.424416120015547,7.682856734599661,7.411096357236417,7.179295268210564,4.408039721988036
img\image_120.jpg,Svenska: Maskinen 2011.,6.5946407517690995,6.571396466233931,6.553991294052738,6.658534495020632,3.675310868912364
img\image_121.jpg,Français&#160;: L'église Saint-Pierre-aux-Liens à Mazirot Deutsch: Kirche Saint-Pierre-aux-Liens in Mazirot,7.671476196425097,7.766873574782602,7.6544281960826295,7.593126818410059,4.50675892589392
img\image_122.jpg,English: Expulsion of the Russian envoy to the Holy See Felix von Meyendorff by Pope Pius IX in 1864 for insulting catholic faithDeutsch: Die Ausweisung des russischen Gesandten Felix von Meyendorff durch Papst Pius IXPolski: Odprawa udzielona posłowi rosyjskiemu Feliksowi von Meyendorffowi przez papieża Piusa IX,7.5571328121113845,7.5571328121113845,7.5571328121113845,7.5571328121113845,4.383350553398698
img\image_123.jpg,Português: A imagem provém de um artigo (Evolutionary Trends In Crustacea - Malacostraca) e representa a evolução ao longo das eras geológicas desta classe.,1.3379984508010905,1.3379984508010905,1.3379984508010905,1.3379984508010905,4.175954019300953
img\image_124.jpg,"The first group of irregular maritime arrivals arrived at the regional processing centre in Manus Island, PNG today. The 19 people, comprising families from Sri Lanka and Iran, departed Christmas Island late yesterday. Transfers to Manus Island and Nauru will continue in coming weeks and months.",7.538276780977341,7.628911669345607,7.572529366561305,7.413389307025113,4.156922906392535
img\image_125.jpg,English: Marie of the Incarnation (1566-1618),7.07424539114842,7.435239163123495,6.8890490880124915,6.8984479223092725,4.277871085594326
img\image_126.jpg,"Gedecktes Brüggli, Stich von 1780",6.121392799569435,5.983231910654975,6.178104483797651,6.202842004255681,4.27137063437885
img\image_127.jpg,Deutsch: Unterscheidung Loxodrome – Orthodrome,0.6085489175557081,0.6085489175557081,0.6085489175557081,0.6085489175557081,3.928255912899314
img\image_128.jpg,"Cheirolophus crassifolius, Malta Thanks to Stephen Mifsud http://www.maltawildplants.com Flowering plant",7.7878275120069835,7.859056698186657,7.762573068711426,7.741852769122868,4.320282872554395
img\image_129.jpg,"English: Program book for Women’s Equality Day, Aug. 23, 2016",6.2562987515750335,5.897873003366693,6.5105882408186115,6.360435010539796,4.612645075367672
img\image_130.jpg,"""English: Detail of the nose art on a B-25 Mitchell aircraft, at the Collings Foundation Airshow. Aircraft details: B-25J-15NC c/n 108-32207 44-28932 (N3476G), ex-TB-25J, ex-TB-25N BD-932, ex-air tanker #6, """"Tondelayo"""", Collings Foundation, New Smyrna Beach, FL (A).""",7.1801548231291585,7.2658281111630565,7.183846121205048,7.090790237019373,4.822041668020687
img\image_131.jpg,Death of Sappho,7.341936154680336,7.366616090113096,7.3390077990881935,7.320184574839718,3.240223928941852
img\image_132.jpg,"Dansk: Bodilsker Station, sporside",7.419789098975944,7.317941872915488,7.37345302778633,7.567972396226012,3.833663121159437
img\image_133.jpg,Čeština: filozof Oskar Kraus,7.2276865641276045,7.227686882019043,7.227686882019043,7.227686882019043,3.9407598325400905
img\image_134.jpg,Polski: Besko - oczyszczalnia sciekow,6.905889382414441,7.219731887046189,7.219975168135511,6.277961092061625,3.884600662692359
img\image_135.jpg,Map of the areas where the Finnish language is spoken.,1.5759205717909797,1.5758331708625233,1.5759891841398945,1.5759393603705205,3.8929368087563527
img\image_136.jpg,English: Photo of Blepsias cirrhosus (silverspotted sculpin) at the Vancouver Aquarium,6.845773659497742,7.388900306636662,7.674951859370102,5.473468812486463,4.2349644016080035
img\image_137.jpg,"Español: Panorámica del Hipódromo de San Isidro, donde se observa la redonda de exhibición de los purasangre, la pista de césped y el tablero electrónico indicador de dividendos.",7.467721582548691,7.563522260539215,7.490587715684836,7.34905477142202,4.100899252465394
img\image_138.jpg,"English: Saint Nicholas church in Brădiceni, Gorj county, Romania Română: Biserica „Sfântul Nicolae”, sat Brădiceni; comuna Peștișani, Cătunul Mămăroi This is a photo of a historic monument in județul Gorj, classified with number GJ-II-m-B-09247",7.363196466471188,7.464097803807906,7.424966256290848,7.200525339314811,4.535712682387066
img\image_139.jpg,Moor in Gmös,7.772573241938215,7.798584930597567,7.740001073381508,7.779133721835569,3.0849625007211556
img\image_140.jpg,"English: A historical marker on State Route 205 at the entrance to the James Monroe Family Home Site near Colonial Beach in Westmoreland County, Virginia, United States.",7.5552080249637115,7.571025320490549,7.627859873230073,7.466738881170511,4.136224796271529
img\image_141.jpg,English: Mark Brooks and Emily Kavanaugh,4.645840154608958,4.689108885592409,4.189187923267359,5.059223654967106,4.053701696057348
img\image_142.jpg,"Deutsch: Werbeanzeige der Brauerei Wallach in Heinrich Dittmar/Herbert Jäkel: Geschichte der Juden in Alsfeld. Alsfeld, Geschichts- u. Museumsverein, 1988, S. 107, ISBN 3-927284-00-9",6.18949559578017,6.026131562590592,6.1952575111016825,6.3470977136482345,4.622943413663368
img\image_143.jpg,"English: Map showing the location of the George Washington and Jefferson National Forests in Virginia, United States.",6.473720935420388,6.496112641396685,6.426567781921309,6.498482382943168,4.046509463914259
img\image_144.jpg,"English: Cup of Sahlep in tearoom in Třebíč, Czech Republic. Čeština: Hrnek Sahlepu v čajovně v Třebíči.",6.895727894570716,7.26370775653415,6.832464609277523,6.5910113179004775,4.477049819898608
img\image_145.jpg,"English: 110th Tactical Fighter Squadron McDonnell F-4C-23-MC Phantom 64-0749, Lambert Field, St Louis, Missouri, 1980",7.526295532305721,7.597086978460469,7.572295445523072,7.40950417293362,4.662690802447053
img\image_146.jpg,Español: Estación Ariel (FCPBA),7.516070370484358,7.458975821490453,7.5677920424252,7.52144324753742,4.0667842134731025
img\image_147.jpg,English: Map of French municipality Bayonvillers Français&#160;: Carte des communes françaises Bayonvillers Nederlands: Kaart van Franse gemeente Bayonvillers,0.5819835468426443,0.30830850101225016,0.6146645673643383,0.8229775721513446,4.361891768089531
img\image_148.jpg,English: DJ Rattan,6.53589864141166,6.62823183132254,6.4708597703132025,6.508604322599239,3.7254805569978675
img\image_149.jpg,English: Geneva Motor Show 2017 (photo taken on the first press day) Français&#160;: Salon international de l'automobile de Genève 2017 Deutsch: Genfer Auto-Salon 2017 (Foto vom ersten Pressetag) Italiano: Salone dell'automobile di Ginevra 2017 (foto scattate durante il primo giorno dedicato alla stampa),7.487329253040605,7.4394418052000955,7.508750413910388,7.5137955400113325,4.478271838471121
img\image_150.jpg,"English: Huis Boxbergen, Olst-Wijhe Nederlands: 't Huis Boxbergen, Olst-Wijhe Original caption: Olst. „Boxbergen”",7.486616083763715,7.555634538258241,7.5158111977998185,7.3884025152330866,4.373740407716439
img\image_151.jpg,"Українська: Пам'ятник В.І. Леніну (зруйнований), Харків, майд. Свободи (кол. пл. Ф.Е. Дзержинського)",5.822765203291589,6.374049621128111,5.683764678615093,5.410481310131565,4.692153647355308
img\image_152.jpg,English: Expoforum scale model at Lenexpo Русский: Макет Экспофорума на выставке «Ленэкспо»,7.43095492157672,7.48287937475701,7.352390109735895,7.4575952802372525,4.966117950500481
img\image_153.jpg,Polski: Rozdroże pod Kasprowym. Kasina Turnia i żleb Wrota,7.3873613480963085,7.550775143430879,7.625378604601355,6.985930296256688,4.151192745822556
img\image_154.jpg,Српски / srpski: Glamočko poljeEnglish: Glamoč field,7.458684355601089,7.4455266539140625,7.53940395273157,7.39112246015763,4.390074997229216
img\image_155.jpg,Bärensee,7.688517146126319,7.474951499993009,7.7499212309768435,7.840678707409104,2.4056390622295662
img\image_156.jpg,English: Roxana Moslehi at the Cancer Research Center at SUNY East campus,7.351287517796995,7.340253511321978,7.355311015491523,7.358298026577483,3.8537778503859723
img\image_157.jpg,"Română: Biserica de lemn din Roșia Nouă, județul Arad This is a photo of a historic monument in județul Arad, classified with number AR-II-m-B-00644",7.287919789188966,7.308460142859521,7.279602532367354,7.275696692340025,4.398601276147764
img\image_158.jpg,Deutsch: Verlauf der Miesenbach richtung Süden,7.367179063582565,7.352404516368969,7.427523329262912,7.321609345115814,4.080004825754664
img\image_159.jpg,English: Eugenie Besserer,7.242257882097675,7.242257882097675,7.242257882097675,7.242257882097675,3.267601311512056
img\image_160.jpg,"Craven Cottage, September 2012",7.1449802429454765,7.344196322818901,7.145860778707917,6.944883627309611,3.9362434129830604
img\image_161.jpg,English: Singer songwriter,5.121312463120904,5.7209437074503935,4.989928177699155,4.653065504213165,3.526234909949522
img\image_162.jpg,"English: Donkey dung sea cucumber (Holothuria mexicana). This species of holothurian can attain lengths of 20 inches. U. S. Virgin Islands, Coki Beach, St. Thomas.",7.32190367270731,6.951890802344014,7.562091517398226,7.451728698379691,4.334663442312172
img\image_163.jpg,English: South Branch Bowman Creek on the Mountain Springs Trail in Ricketts Glen State Park.,7.098373244960851,7.421835662210894,7.347137070815359,6.5261470018563,4.060207968074137
img\image_164.jpg,"Picture of Gen Con Indy 2008 in Indianapolis, Indiana, USA.",7.731200391450737,7.786256221010427,7.590179081196355,7.817165872145429,3.9902915156034577
img\image_165.jpg,Français&#160;: Plan de Paris 1858 (Petit Gentilly),5.671522633502227,5.590290623220369,5.679115196718573,5.745162080567738,4.4315584299098445
img\image_166.jpg,"Cañón recuperado de la Fragata Magdalena. Esta fragata, junto al Bergantín Palomo, se hundieron frente a la localidad de Viveiro en el año 1810.",7.388258000550894,7.404711656912097,7.505788085777351,7.254274258963232,4.173127732312638
img\image_167.jpg,"English: The office building of the Armenian Patriarchate of Constantinople, across the street from the Surp Asdvadzadzin Patriarchal Church.",7.710993279462173,7.622182377395083,7.654127062810649,7.856670398180785,4.168850825544456
img\image_168.jpg,German art historian and writer Anton Heinrich Springer.,6.868467086430382,6.868467086430382,6.868467086430382,6.868467086430382,3.714903638312361
img\image_169.jpg,Deutsch: Hammer Philippsburg / Hammer Rosenberg (linkes Gebäude) - rechts im Vordergrund Brücke und Teil vom Rosenbach,7.2481625427865,7.282611356857976,7.318484125189647,7.1433921463118795,4.325384222796897
img\image_170.jpg,English: Larvae eating on an Opuntia Cacti,7.42719166320289,7.523491879063329,7.572001219254145,7.186081891291194,3.76996110164977
img\image_171.jpg,"The Voice Finalists perform live at Warringah Mall, Sydney, Australia Darren Percival, Sarah De Bono and Rachael Leahcar enjoyed a public appearance at Warringah Mall, on Sydney's northern beaches this afternoon. The former contestants on Channel Nine's 'The Voice' were there to promote their music of course. Hundreds of passionate fans showed up to offer their support and a few lucky ones who bought CD's of their favourite performers from 'The Voice' got them autographed. Their music can also be enjoyed via iTunes. Nova sponsored the event. Music remains a popular medium in the reality TV industry. The Voice (U.S) is currently screening on Australian TV, but has not enjoyed the same ratings success as the Australian version. We wish all of the performing artists well as their careers continue to evolve in front of appreciative Australian audiences. Websites iTunes - Sarah De Bono itunes.apple.com/au/artist/sarah-de-bono/id516897190 The Voice (Australia) www.thevoice.com.au Warringah Mall www.warringahmall.com.au Nova www.novafm.com.au Channel Nine www.channelnine.ninemsn.com.au Eva Rinaldi Photography Flickr www.flickr.com/evarinaldiphotography Eva Rinaldi Photography www.evarinaldi.com Music News Australia www.musicnewsaustralia.com",6.658653084019331,7.000848428908991,6.501119982085951,6.473990841063051,4.379999705898998
img\image_172.jpg,Doliocarpus brevipedicellatus Garcke - DILLENIACEAE - Parque Ecológico dos Jequitibás - Sobradinho - Distrito Federal - Brasil.,7.540037623624414,7.474265264292285,7.581458029551811,7.564389577029147,4.219033529921596
img\image_173.jpg,English: Lymph node Japanese labels are substtuted for English ones.,2.4855536089616557,2.400214712959826,2.5828606185535743,2.473585495371567,4.084608753960208
img\image_174.jpg,"Français&#160;: Mairie de La Grange, Doubs, France",7.682065544226249,7.7543327648065805,7.667568829424139,7.624295038448028,4.313269689515108
img\image_175.jpg,English: Gutshaus in Goldenbow,7.666721983953873,7.7833573044234825,7.787398446171878,7.429410201266258,3.872905595320056
img\image_176.jpg,A potograph of the Woodforde's Brewey at Woodbastwick in the county of Norfolk within the UK. DAF LF and Ford Transit.,7.3012174596034,7.266157832731851,7.221151414719275,7.416343131359073,4.107691146512632
img\image_177.jpg,English: Chengannur Mahadeva temple,7.021787517407165,7.158428243080042,7.0818975197715215,6.825036789369928,3.8972997175517152
img\image_178.jpg,English: Haul bag,7.593387091570986,7.635192982824423,7.576490615669886,7.568477676218652,3.4992275471326932
img\image_179.jpg,Português: Feira livre de Monte Alegre no CEASA.,7.676586457502654,7.710313913303162,7.669197770706479,7.650247688498319,4.042090492159283
img\image_180.jpg,"José Sócrates, lors de son message de Noël, en 2008.",6.920081871656258,7.389653734617863,6.826304354841996,6.544287525508915,3.9995652571050435
img\image_181.jpg,"English: A Rhizostoma pulmo jellyfish washed ashore on Bournemouth beach, Dorset.",7.439662904722124,7.289006229606169,7.460844038456868,7.569138446103334,4.272984535634486
img\image_182.jpg,English: An example of a botanical garden in Bogor in Indonesia.,6.7051942143782375,6.80254240279319,6.701959118896513,6.611081121445009,3.9201625568624316
img\image_183.jpg,Imagem do atentado de Vaillant publicada em 1893 no jornal Le Petit Parisiensi em 1894.,7.489370690214412,7.489370690214413,7.489370690214413,7.489370690214413,4.154810308473277
img\image_184.jpg,"""English: Wood engraving of """"The thrones and palaces of Babylon and Nineveh"""" by John Philip Newman.""",7.739167994447274,7.739167994447273,7.739167994447273,7.739167994447273,4.2084105787803585
img\image_185.jpg,"Amalie Hohenester (Birth name&#58; Amalie Nonnenmacher; 1827–1878), German physician (alternative medicine)",2.000598412440505,1.9134112956825788,2.1749726459563576,1.9134112956825788,4.404996050513458
img\image_186.jpg,"English: Team Italy, ice hockey. Euro Ice Hockey Challenge, 2003, Briançon, France. Français&#160;: Equipe d'Italie de hockey sur glace. Euro Ice Hockey Challenge, 2003, Briançon, France.",7.462964315264455,7.425293455642475,7.489479432213908,7.474120057936983,4.5144996524442425
img\image_187.jpg,日本語: 国鉄80系電車,7.4046338991076714,7.599344457229982,7.4256154976188595,7.188941742474171,3.584962500721156
img\image_188.jpg,English: Marudi Museum,7.581077978240241,7.456204880144901,7.695581394217063,7.591447660358761,3.6635327548042547
img\image_189.jpg,English: Sitting: Nawabzada Mohammad Ismail Khan Of Amb State).,6.964557545453547,6.867756573104256,6.915049188645518,7.110866874610866,4.021828345723555
img\image_190.jpg,"Français&#160;: Extrait d'une ancienne photographie du pont de La Motte, ouvrage d'art franchissant les deux rives de la Loire entre les communes de La Riche et Fondettes, près de Tours, Indre-et-Loire.",7.5259043375651045,7.5698957443237305,7.554780960083008,7.453036308288574,4.299962798912389
img\image_191.jpg,"English: Bosch Reitz, Sigisbert Chrétien ('Gijs') (1860-1938) (1894) in zijn atelier",7.514468781257157,7.514468781257157,7.514468781257157,7.514468781257157,4.542349012616867
img\image_192.jpg,客家語/Hak-kâ-ngî: Nass Corp. logo,1.6229722818589962,1.6447007302429926,1.6133757381412894,1.610840377192707,4.260332600569877
img\image_193.jpg,"Sokol Blosser Winery, Willamette Valley, Oregon",7.587924607686033,7.566834891441761,7.476271529405784,7.720667402210554,3.9003631929147766
img\image_194.jpg,"English: This is a photograph of the main street of Sheffield, Texas, which was old U. S. Highway 290 and part of the Old Spanish Trail Highway. The OST Courts was a small local motel that operated in the community for a number of years in the 1950s and 60s.",7.055383457246833,7.266061399468219,7.081484928617375,6.818604043654908,4.2498020829390315
img\image_195.jpg,English: William P. Sprague from Brady Handy Collection.,6.880831578196175,6.880831578196175,6.880831578196175,6.880831578196175,4.302342869602357
img\image_196.jpg,"English: Gräsköfjärden, narrow coastal inlet in Stockholm archipelago through Kråkhålet at Furusund waterway",6.9382745273953885,7.197970514682513,6.936500592924052,6.6803524745796015,4.404251854233503
img\image_197.jpg,English: Ambulance wagons returning to El Arish from Rafa,6.748646353907617,6.748646353907617,6.748646353907617,6.748646353907617,3.9994953919889884
img\image_198.jpg,"Français&#160;: Croisée, vue vers l'est.",7.532309243762079,7.502355794451396,7.585978132043797,7.508593804791043,4.453055907333275
img\image_199.jpg,"English: Sale notice for Trafford Hall, Chester in 1927",7.079392905483847,7.085746205737726,7.076302344435839,7.076130166277975,4.115018977311122
img\image_200.jpg,English: A magnified image of Pthirus gorillae.,4.138634613809452,4.086068430187475,4.147876308802643,4.1819591024382365,3.984919968468757
img\image_201.jpg,Deutsch: Findling über dem Grab von Görtz auf dem Kirchhof neben der Kirche in Münchehofe der gleichnamigen Gemeinde im Landkreis Dahme-Spreewald in Brandenburg,7.828357032393197,7.831010794027882,7.897055393907673,7.757004909244039,4.178155231556432
img\image_202.jpg,Deutsch: Herz Jesu Kirche Amstetten,7.3881952238206425,7.520339211300719,7.49485970341299,7.1493867567482186,3.7858673024119973
img\image_203.jpg,"Saint Michael and the angels fighting the Wyvern. MS. 724/1596 f.15r St. Michael and the Angels fighting the dragon, from 'Liber Floridus' by Lambert de Saint-Omer, c.1448 (vellum)",7.442310676967395,7.505783529088774,7.320509735168522,7.50063876664489,4.581329179269286
img\image_204.jpg,"English: Stiftsherrenhaus at the city of Hamelin, Germany Deutsch: Stiftsherrenhaus in der Hamelner Innenstadt",7.791515086726872,7.818934750394553,7.721949192238586,7.833661317547476,3.9592003001664384
img\image_205.jpg,"Čeština: Lípa v Dýšině - památný strom v obci Dýšina, okres Plzeň-město Deutsch: Winter-Linde (Tilia cordata) in Dýšina, Bezirk Plzeň-město (Pilsen-Stadt), Tschechien English: Small-leaved Lime (Tilia cordata) in Dýšina, District Plzeň-město, Czech Republic",7.667456582476511,7.667162711687431,7.688067245294931,7.647139790447172,4.571812807454895
img\image_206.jpg,English: Sapium insigne,7.657495001392487,7.546197774436571,7.879865378688935,7.546421851051955,3.501397825434103
img\image_207.jpg,"Français&#160;: Montbrison, médiathèque départementale de la Loire",7.626771734242819,7.645078370199899,7.629343217591994,7.605893614936566,4.505774800848838
img\image_208.jpg,فارسی: اطلاعات درست,5.842487336932233,5.802563756171138,5.906083064149268,5.818815190476294,3.40582225028569
img\image_209.jpg,"Corniche Président John Kennedy, plage",7.404543678775873,7.487287783073921,7.350127897825239,7.376215355428461,4.0579464358416475
img\image_210.jpg,Русский: Табличка на входе в детскую библиотеку имени С. М. Голицына в Коврове,7.34815357405424,7.349410437535674,7.306736155741537,7.388314128885506,4.274068451277355
img\image_211.jpg,"English: Cliffs at Whaligoe. Caithness, Highland council area, Scotland.",7.680457281146783,7.725522418330152,7.689646991653586,7.626202433456612,4.067504739396551
img\image_212.jpg,"Español: Cuadra del 0 al 100 de Avenida Pueyrredón, frente a la Plaza Miserere (o Plaza Once de Septiembre). Todos los edificios comparten una antigua recova que cubre la vereda, con locales comerciales. Buenos Aires, Argentina.",7.673669766251891,7.793067652969801,7.910337227951707,7.317604417834167,4.216248456457645
img\image_213.jpg,Čeština: Doňov,3.9393031544599872,3.9964709572849655,3.8865378593158235,3.934900646779174,3.6644977792004623
img\image_214.jpg,BW Bank,7.732787937317795,7.777970309801909,7.6210824448695575,7.799311057281918,2.5216406363433186
img\image_215.jpg,"English: Flabiol of instrument maker P. Pardo, La Bisbal, Catalonia, 1967 Deutsch: Flabiol des Instrumentenbauers P. Pardo, La Bisbal, Katalonien, 1967 (Unterseite, Mundstück 8 cm und Blasrohr 17 cm inkl Aufsatzstück)",7.6565402411404335,7.683703555022987,7.674138318421732,7.611778849976583,4.4930728813600105
img\image_216.jpg,"Deutsch: Oberer und Unterer Grindelwaldgletscher mit Wetterhorn, Mettenberg und Eiger 1774. Öl auf Leinwand, 82 x 226 cm. Aargauer Kunsthaus, Aarau.",7.597188846712967,7.6907498260777025,7.520313414269152,7.580503299792046,4.370961585298986
img\image_217.jpg,"Español: Ayuntamiento de Almería, actualmente bajo reformas",7.433530467173033,7.505213585513342,7.46372248464878,7.331655331356977,4.086791405663512
img\image_218.jpg,"Español: «José Carvajal y Hué, último ministro de Estado», en la revista española La Ilustración Española y Americana.",6.485073139732909,6.4850731397329096,6.4850731397329096,6.4850731397329096,4.263756030992434
img\image_219.jpg,"Deutsch: HSD Hochschule Döpfer, Köln",7.47846139362055,7.4742429868675675,7.467093409200184,7.494047784793899,3.9302252658009036
img\image_220.jpg,English: Cardiff Castle ( Wales ). Castle apartments: Library ( 1870s ) - Allegory of Assyrian literature ( relief by Thomas Nicholls ). Deutsch: Cardiff Castle ( Wales ). Palas: Bibliothek ( 1870s ) - Allegorie der assyrischen Literatur ( Relief von Thomas Nicholls ).,7.662595443926631,7.690388510403951,7.7094288593457,7.587968962030242,4.363900660150819
img\image_221.jpg,"Русский: Трамвай 71-615 номер 212, улица Кирова, Пятигорск.",7.230836070772125,7.168848386207728,7.361646686282235,7.162013139826415,4.521953643641603
img\image_222.jpg,"Station de Plaine-Joux (Passy, Haute-Savoie, France)?. Rassemblement d'enfants de classe de neige.",7.6371858729579865,7.78164951957174,7.710836828849295,7.419071270452925,4.337298959697399
img\image_223.jpg,"English: First Presbyterian Church, Greeneville, TN and its adjacent chapel",7.736140337645664,7.8321480126074725,7.750988729057742,7.625284271271778,4.108725531455404
img\image_224.jpg,Euskara: Laida Lertxundi. Zinemagilea eta unibertsitateko irakaslea,7.188138134224562,7.599866956623944,7.163309424572482,6.801238021477259,3.889310119609546
img\image_225.jpg,Rio Tietê na Marginal do Tietê - quase limpo!,7.535988620210773,7.6561996831587145,7.355636488220949,7.596129689252656,3.911421641246037
img\image_226.jpg,"Western oases, El Kasr Egypt",7.161018640874791,7.206792147683354,7.077526669620563,7.198737105320456,3.607010619399146
img\image_227.jpg,"For documentary purposes the German Federal Archive often retained the original image captions, which may be erroneous, biased, obsolete or politically extreme. Der Stabschef der SA. Ernst Röhm, wurde auf Vorschlag des Reichskanzlers zum Reichsminister ohne Geschäftsbereich ernannt! Der Reichspräsident zum Reichsminister ernannte Stabschef der SA. Ernst Röhm, welcher somit Mitglied der Reichsregierung wurde. [Text der erneuten Herausgabe im November 1933] Information added by Wikimedia users.English: Ernst Röhm, wearing a „Kampfbinde“ on his arm.",7.3324585892694545,7.332458589269455,7.332458589269455,7.332458589269455,4.357141542211677
img\image_228.jpg,日本語: 権現造平面図(神社建築) English: Gongen Zukuri(Honden structure of Shrine),0.4770024381833294,0.2919465043310595,0.6262571560491217,0.512803654169807,4.697090231779982
img\image_229.jpg,Map of Greece with General Directorates.,1.342590357051055,1.4243835331982315,1.345720800021568,1.257666737933366,3.902655596558187
img\image_230.jpg,Deutsch: Tafel zur Erinnerung an die Internierung von Franzosen in Seedorf/BE 1940.,6.74344162696849,6.861461076671547,6.7601111187541285,6.6087526854797956,4.134657583674014
img\image_231.jpg,English: Regulus stranded in the mud in front of Fouras under attack by British ships August 1809,6.660333312900678,6.660333312900677,6.660333312900677,6.660333312900677,4.215209364072167
img\image_232.jpg,"English: Title: Wheeling Hospital, Wheeling, W. Va. Subjects: Hospitals Places: West Virginia &gt; Ohio (county) &gt; Wheeling Notes: Title from item. Extent: 1 print (postcard)&#160;: linen texture, color&#160;; 3 1/2 x 5 1/2 in. Accession #: 06_10_022617",7.744602213649082,7.803913104660999,7.737414565478258,7.69247897080799,4.729642874439034
img\image_233.jpg,日本語: インドネシアの大豆発酵食品であるテンペ,7.290415634911251,7.21221153202098,7.276867333411307,7.382168039301465,4.501629167387823
img\image_234.jpg,Polski: Kościół filialny pw. Narodzenia NMP w Wąsoszu,7.49927207741401,7.367800043222175,7.544600944979898,7.585415244039959,4.312155125513058
img\image_235.jpg,"English: Colonial Georgian-style 1746 house built by Judge Seth Wetmore. Intersection of Connecticut Route 66 and Camp Road. Johnathan Edwards, Aaron Burr, and Lafayette were visitors here.",7.575537175101846,7.593679061506638,7.5841742350648,7.548758228734096,4.371073418944142
img\image_236.jpg,"English: parkside high school in hamilton, ontario",7.618110388037668,7.590708869876371,7.572392671185269,7.691229623051369,3.9537863204943653
img\image_237.jpg,"Français&#160;: Le cotre de pêche «&#160;FREPAT&#160;» participant à la parade nautique sur le Charente à Rochefort-sur-Mer, en l’ honneur de la mise à l’eau de la frégate «&#160;L’hermione&#160;» le vendredi 6 juillet 2012. Ce bateau de pêche a été construit aux Sables d’ Olonnes en 1942. Il a été utilisé pour pêcher des poissons et draguer des coquillages. Immatriculation: LR 277074. Rochefort-sur-Mer, Charente Maritime, France.",7.0580538634506595,6.981521095152155,7.023645255036092,7.168995240163731,4.688534639513881
img\image_238.jpg,English: The first President of India with members of the Delhi District Congress Committee (Ward No. 6) when they came to collect donation for providing relief to the East Bengali refugees.,7.5233428173703265,7.5233428173703265,7.5233428173703265,7.5233428173703265,4.140886178679239
img\image_239.jpg,Blick vom ehemaligen Bahnhof über das innere Korsører Hafenbecken zur Festung.,7.41544473353265,7.574692974685894,7.488016031168318,7.183625194743735,4.180162145484923
img\image_240.jpg,English: Mesopotamia_7000-6000 BC Català: Mesopotamia_7000-6000 aC,1.2459498447997956,1.2473994076234092,1.2292646073568247,1.2611855194191528,4.104165142868889
img\image_241.jpg,English: ST.IGNATIUS PLAZA中文（台灣）‎: 徐匯廣場,7.452993144975241,7.522387583659677,7.517811132070003,7.318780719196041,4.541311192999328
img\image_242.jpg,"Hrvatski: Župna Crkva Rođenja Blažene Djevice Marije, Višnjevac. Svibanj, 2011.",7.318485056161761,7.400023025712475,7.317875120696751,7.237557022076056,4.414231464668433
img\image_243.jpg,"English: Stained glass window, St Leonard's, Bretforton, Worcestershire Cymraeg: Ffenestr lliw, Eglwys Sant Leonard, Bretforton, Swydd Gaerwrangon",6.042098936737985,6.189059868838355,6.015940497649294,5.9212964437263045,4.1368282918755375
img\image_244.jpg,English: Moscow Theatre Estrada,6.130865924434346,6.377713786479969,6.086881357454161,5.928002629368907,3.8890495359141686
img\image_245.jpg,"""Nederlands: Beeldenboulevard Papendrecht, Merwehoofd. Kunstwerk """"Volupté"""" van Maïte Duval.""",7.718498328591424,7.72213076580328,7.716737424143767,7.716626795827224,4.350604512027902
img\image_246.jpg,"Map of eastern Moscow (Tagansky District, southern side of Basmanny District). 1760-1768.",7.118846241996015,6.764706992977705,7.000440582888695,7.5913911501216464,4.517209934409756
img\image_247.jpg,"""Italiano: Lo stabilimento della """"Campari"""" a Novi Ligure, situato nei pressi della Strada Provinciale 115.""",7.346429180056155,7.413737974651151,7.359177849406572,7.266371716110742,4.1223962529042995
img\image_248.jpg,Magyar: Horthy és Hitler Kielben,6.972809935645114,7.152689479003051,6.971909804810867,6.793830523121427,3.9917292966721747
img\image_249.jpg,English: Please see filename,7.609577733465229,7.599737626854002,7.573597689800122,7.655397883741561,3.381778244882831
img\image_250.jpg,"Français&#160;: Chapelle Notre-Dame du Perpétuel Secours, à l'entrée du hameau de Ermensbach. Rimbach-près-Masevaux. Haut-Rhin.",7.653569103641462,7.654376663707974,7.6944749477792405,7.6118556994371716,4.58402446252894
img\image_251.jpg,"מחוז הדרום, מחולק לנפות",2.4367267711419953,1.7316776972241539,2.6388296023826094,2.9396730138192226,3.708132064658602
img\image_252.jpg,"""עברית: ותיקי צוות אח""""י קשת מספרים על קרבות הטילים במלחמת יום הכיפורים לקדטים בבית הספר לקציני ים עכו""",7.793491398022433,7.830900811561457,7.8125946177624455,7.736978764743398,4.100470594611199
img\image_253.jpg,"English: Close up of Ole Olsen monument in Hammerfest, by me on 17 May 2007 Manxruler 21:53, 8 June 2007 (UTC)",7.447696730969763,7.611472619987935,7.403416931112655,7.328200641808696,4.437606797478823
img\image_254.jpg,Català: Muralla d´entrada a &quot;Dalt Vila&quot; This is a photo of a monument indexed in the Spanish heritage register of Bienes de Interés Cultural under the reference RI-51-0001114.,7.044669400096237,7.304268476364231,7.188866891506298,6.6408728324181805,4.4080730984874155
img\image_255.jpg,BC's Government House,7.49839839548563,7.412547297754328,7.458099800294611,7.624548088407954,3.7849418274376423
