image_filename,image_url,caption
image_0.jpg,https://upload.wikimedia.org/wikipedia/commons/8/8b/Scolopendra_gigantea.jpg,"English: Puerto Rican Giant Centipede, Scolopendra gigantea; Vieques, Puerto Rico Slovenčina: Stonožka obrovská, Scolopendra gigantea; Vieques, Portoriko"
image_1.jpg,https://upload.wikimedia.org/wikipedia/commons/e/ef/Moulay-Ali-Cherif-Mausoleum-jleitao.jpg,English: Moulay Ali Cherif Mausoleum in Rissani south east Morocco
image_2.jpg,https://upload.wikimedia.org/wikipedia/commons/b/bb/Teucrium_corymbosum_1520.jpg,"English: Teucrium corymbosum, Marysville, Victoria, Australia"
image_3.jpg,https://upload.wikimedia.org/wikipedia/commons/1/1a/Tropical_Storm_Fausto_%282002%29_at_high_latitude_on_2002-09-02_at_UTC_0000.JPG,Tropical Storm Fausto at high latitude in the central Pacific Ocean
image_4.jpg,https://upload.wikimedia.org/wikipedia/commons/9/9f/Bers%C3%A9e_La_petite_Marque.jpg,Bersée Nord Nord-Pas-de-Calais-Picardie France.
image_5.jpg,https://upload.wikimedia.org/wikipedia/commons/d/d4/PortaRosario.jpg,English: Igreja do Rosário
image_6.jpg,https://upload.wikimedia.org/wikipedia/commons/5/5f/Blaine_Luetkemeyer.jpg,"English: Blaine Luetkemeyer, member of the United States House of Representatives."
image_7.jpg,https://upload.wikimedia.org/wikipedia/commons/4/49/Jastrow-illusion-track.jpg,Deutsch: Optische Täuschung: Jastrow-Illusion
image_8.jpg,https://upload.wikimedia.org/wikipedia/commons/1/1a/ZP_05_Konkalisahak_00.jpg,"English: Konkalisahak, wayang kulit figure from the epos Serat Menak Sasak Deutsch: Konkalisahak, Wayang Kulit Figure aus dem Epos Serat Menak Sasak"
image_9.jpg,https://upload.wikimedia.org/wikipedia/commons/8/8e/Christian-Patterson_Rental-1.jpg,"English: The Christian-Patterson Rental Property in Eugene, Oregon, listed on the NRHP"
image_10.jpg,https://upload.wikimedia.org/wikipedia/commons/6/68/Lumix_DMC-FZ30.jpg,English: Panasonic Lumix DMC-FZ30 digital camera Suomi: Panasonic Lumix DMC-FZ30 -digitaalikamera
image_11.jpg,https://upload.wikimedia.org/wikipedia/commons/4/4b/Gideon_Emery_in_Studio_Los_Angeles_2017.jpg,"English: Gideon Emery recording in studio in Los Angeles, 2017."
image_12.jpg,https://upload.wikimedia.org/wikipedia/commons/d/dd/Horv%C3%A1th_Ern%C5%91_s%C3%ADrja.jpg,"Magyar: Horváth Ernő (Budapest, 1883. november 11. – Budapest, 1943. január 3.) tanár, a hazai aviatika úttörőjének sírja Budapesten. Kerepesi temető: 49-2-57."
image_13.jpg,https://upload.wikimedia.org/wikipedia/commons/0/0e/Maurus-Tod.jpg,"English: St.-Maurus-Kapelle, Beuron (Donautal), erbaut 1868–1870, Architect: Desiderius Lenz. Wallpicture of Holy Maurus Juli 2016 Deutsch: St.-Maurus-Kapelle, Beuron (Donautal), erbaut 1868–1870, Architekt: Desiderius Lenz. Wamdbild: Tod des Heiligen Maurus Juli 2016"
image_14.jpg,https://upload.wikimedia.org/wikipedia/commons/f/f0/Eastern_Dedicated_Freight_Corridor_of_India.jpg,English: Eastern Dedicated Freight Corridor of India is under construction
image_15.jpg,https://upload.wikimedia.org/wikipedia/commons/e/ea/Rolling_shutter_n%C3%A4idis.png,Eesti: Fail kirjeldab veereva katiku nähtust
image_16.jpg,https://upload.wikimedia.org/wikipedia/commons/2/25/Entrevista_WHF.png,Português: Humberto Silva concede entrevista após fundação do Fundo Mundial para as Hepatites.
image_17.jpg,https://upload.wikimedia.org/wikipedia/commons/2/25/5.-Giacomo-Conti-Federico-II-riceve-dal-filosofo-Michele-Scoto-la-traduzione-delle-opere-di-Aristotele-1860.jpg,"Italiano: Federico II riceve dal filosofo Michele Scoto la traduzione delle opere di Aristotele, 1860"
image_18.jpg,https://upload.wikimedia.org/wikipedia/commons/d/d2/Jaguar%C3%A9_-_Galp%C3%B5es_da_Cooperativa_Agr%C3%ADcola_de_Cotia.JPG,"Português: Antigos galpões da Cooperativa Agrícola de Cotia, no distrito do Jaguaré, cidade de São Paulo, Brasil"
image_19.jpg,https://upload.wikimedia.org/wikipedia/commons/0/0c/Lanius_meridionalis%2C_P%C3%AAra%2C_Algarve%2C_Portugal_1.jpg,"Lanius meridionalis, Pêra, Algarve, Portugal"
image_20.jpg,https://upload.wikimedia.org/wikipedia/commons/0/05/Invesco.jpg,"English: Invesco, a company started in Atlanta, moved to London and back to Atlanta, is headquartered in this building on Peachtree Street north of the High Museum of Art and near I-85."
image_21.jpg,https://upload.wikimedia.org/wikipedia/commons/a/a3/Neuro_entrance.jpg,English: Entrance of the Neurological Institute of New York
image_22.jpg,https://upload.wikimedia.org/wikipedia/commons/e/ef/Pr._Kronenorden%2C_Bruststern_zur_I._Klasse_%283._Modell%29..jpg,"Königlicher Kronen-Orden (Preußen): Bruststern zur I. Klasse (3. Modell), Avers."
image_23.jpg,http://upload.wikimedia.org/wikipedia/commons/f/f6/RVCodeEditor.png,"English: The RVCodeEditor is a part of RenovatioCMS. It enables you to edit the php, sql, html, java script and css source code of your RenovatioCMS documents. Nederlands: De RVCodeEditor is een deel van RenovatioCMS. Zij stelt u in staat om de php, sql, html, javascript en css broncode van uw RenovatioCMS documenten te beheren."
image_24.jpg,https://upload.wikimedia.org/wikipedia/commons/0/0c/Karol_Cariola_en_Independencia_24082013.jpg,"Español: Karol Cariola durante la visita de la candidata presidencial Nueva Mayoría, Michelle Bachelet, a la comuna de Independencia, el 24 de agosto de 2013."
image_25.jpg,https://upload.wikimedia.org/wikipedia/commons/5/5c/Kolejka_linowa_Elka_Park_%C5%9Al%C4%85ski_Chorz%C3%B3w_Katowice_2013%2C_Tomasz_Ibrom%2C_2.jpg,Polski: Kolejka linowa Elka w Parku Śląskim w Chorzowie 2013
image_26.jpg,https://upload.wikimedia.org/wikipedia/commons/1/1e/Dar_Seffarine_Fes_Morocco.jpg,"English: Dar Seffarine in Fes, Morocco"
image_27.jpg,https://upload.wikimedia.org/wikipedia/commons/d/d9/Julin_plantacja.jpg,Julin (Polska) - plantacja nasienna
image_28.jpg,https://upload.wikimedia.org/wikipedia/commons/5/53/TruJet_VT-TMP_at_Hyderabad%2C_Sep_2015.jpg,"English: TruJet ATR 72-500, registered VT-TMP, pushing back at Rajiv Gandhi Intl Airport Hyderabad bound for Rajahmundry."
image_29.jpg,https://upload.wikimedia.org/wikipedia/commons/7/76/Mal%C3%A1_%C5%A0t%C3%A1hle%2C_obecn%C3%AD_%C3%BA%C5%99ad.jpg,Čeština: Obecní úřad v obci Malá Štáhle
image_30.jpg,https://upload.wikimedia.org/wikipedia/commons/c/cd/Red-browed_Finch.jpg,"Red-browed Finch, Neochmia temporalis; wild bird"
image_31.jpg,https://upload.wikimedia.org/wikipedia/commons/a/a2/Civertankelenfoldi_kat_templom.jpg,"English: Temple, Budapest, Hungary, aerial photography Magyar: A Szent Gellért-templom Budapest XI. kerületében. Épült Kiss András Ybl Miklós-díjas építész tervei szerint 1984 és 1992 között"
image_32.jpg,https://upload.wikimedia.org/wikipedia/commons/8/85/Thomas_Gilbert_Pearson.jpg,William Dutcher
image_33.jpg,https://upload.wikimedia.org/wikipedia/commons/f/f6/Hymenocallis_occidentalis161739715.jpg,"Hymenocallis occidentalis - Woodland, hammock, or northern spider-lily"
image_34.jpg,https://upload.wikimedia.org/wikipedia/commons/9/99/WaltonWalker%26TahsinYazici.jpg,"English: Brigade General Tahsin Yazıcı receiving the Silver Star from Lieutenant General Walton Walker (December 15, 1950)."
image_35.jpg,https://upload.wikimedia.org/wikipedia/commons/7/72/Egg%C3%B8ya_1882.jpg,"English: Peninsula Eggøya, Jan Mayen. Deutsch: Halbinsel Eggøya, Jan Mayen. Holzschnitt aus dem Expeditionsbericht der Norwegische Nordmeerexpedition."
image_36.jpg,https://upload.wikimedia.org/wikipedia/commons/8/85/Drosophila_setosimentum.jpg,"English: Drosophila setosimentum, one of the Hawaiian picture-wing species."
image_37.jpg,https://upload.wikimedia.org/wikipedia/commons/8/80/Stephen_B_Whatley.jpg,"""English: Stephen B Whatley standing in front of """"The Sleeping Beauty Beyond The Wall: Kensington Palace"""""""
image_38.jpg,https://upload.wikimedia.org/wikipedia/commons/7/73/Sideral_Air_Cargo_737-300SF_SBSL.JPG,"Português: Boeing 737-300 da Sideral Air Cargo, de prefixo PR-SDL, no Aeroporto de São Luís, Maranhão."
image_39.jpg,https://upload.wikimedia.org/wikipedia/commons/9/92/Trachurus_declivis.jpg,"A school of Jack Mackerel (Trachurus declivis). Fairy Bower, Manly, NSW"
image_40.jpg,https://upload.wikimedia.org/wikipedia/commons/3/38/Masdevallia_coccinea_-_Flickr_004.jpg,Masdevallia coccinea f. alba 'Snowbird' AM/AOS
image_41.jpg,http://upload.wikimedia.org/wikipedia/commons/d/de/Rome_Sint_Sebastiaan_buiten_de_Muren_Antonio_Giorgetti_13-01-2011_12-36-01.JPG,"Nederlands: Het grafmonument van Sebastiaan boven zijn graf door Giuseppe Giorgetti (c.1671-72) in de Sint Sebastiaan buiten de Muren, langs de Via Appia in Rome"
image_42.jpg,https://upload.wikimedia.org/wikipedia/commons/2/2a/Fernando_Quintanilha_Mendonca_Dias.jpg,Português: Vice-Almirante Fernando de Quintanilha e Mendonça Dias
image_43.jpg,https://upload.wikimedia.org/wikipedia/commons/f/fe/2006_Rally_Legend_-_Lancia_Delta_HF_Integrale_16v.jpg,"""San Marino, October 6–7, 2006. The 1990–91 Lancia Delta HF Integrale 16v of Massimo """"Miki"""" Biasion at 2006 Rally Legend."""
image_44.jpg,https://upload.wikimedia.org/wikipedia/commons/7/74/Schwein-Kopf.png,"Deutsch: Schematische Darstellung eines Schweins, Schweinskopf."
image_45.jpg,http://upload.wikimedia.org/wikipedia/commons/2/25/Inside_of_the_plane.JPG,English: inside
image_46.jpg,https://upload.wikimedia.org/wikipedia/commons/8/87/BAG_woonplaatsen_-_Gemeente_Teylingen.png,Nederlands: BAG woonplaatsen - Gemeente Teylingen.png
image_47.jpg,https://upload.wikimedia.org/wikipedia/commons/2/2a/%D0%9D%D0%BE%D1%87%D1%8C_%D0%B2_%D0%93%D1%80%D0%B0%D0%BD%D0%B4_%D0%9C%D0%B0%D0%BA%D0%B5%D1%82%D0%B5.jpg,Русский: Ночь в Гранд Макете
image_48.jpg,https://upload.wikimedia.org/wikipedia/commons/f/f1/Distribution_of_Irish_Exchequer_Tax_%282000_to_2017%29.png,English: Recreation of the Department of Finance chart on the distribution of Irish exchequer tax revenues
image_49.jpg,https://upload.wikimedia.org/wikipedia/commons/a/a7/NN_11-08-2020_16.jpg,Русский: Станция метро «Горьковская» Нижегородского метрополитена English: Gorkovskaya metro station of the Nizhny Novgorod metro
image_50.jpg,https://upload.wikimedia.org/wikipedia/commons/7/77/South_Shore_Hospital_-_geograph.org.uk_-_127572.jpg,"English: South Shore Hospital. The NHS hospital on Lytham Road, seen from outside St.Margaret's Catholic chapel, to the right of shot."
image_51.jpg,https://upload.wikimedia.org/wikipedia/commons/9/90/Steam_locomotives_Lisa_Moritz_water.jpg,"English: Dresden Park Railway, Saint Nicholas' Eve, Steam locomotives 001 Lisa (right) and 003 Moritz shorly after water refilling at ZOO station (white water tower on the left)Deutsch: Dresdner Parkeisenbahn, Nikolausfahrten, Dampflokomotiven 001 Lisa (rechts) und 003 Moritz kurz nach dem Wasserauffüllen (weißer Wasserturm am linken Bildrand), Bf. ZOOČeština: Drážďanská parková dráha, Mikulášské jízdy, parní lokomotivy 001 Lisa (vpravo) a 003 Mořic krátce po doplnění vody (bílá vodárna vlevo) v prostoru stanice ZOO"
image_52.jpg,https://upload.wikimedia.org/wikipedia/commons/1/1a/Museu_Nacional_de_Etnografia_de_Nampula.JPG,"Español: El Museo nacional de etnografía de Nampula es el único museo nacional de Mozambique que no está localizado en Maputo.Português: O Museu Nacional de Etnografia de Nampula, é o único museu nacional moçambicano não localizado em Maputo. O edifício é um projecto do arquitecto Mário de Oliveira"
image_53.jpg,http://upload.wikimedia.org/wikipedia/commons/4/46/Dallau_-_Schloss.jpg,Deutsch: Das Dallauer Schloss: Eckturm und Palas blieben erhalten.
image_54.jpg,http://upload.wikimedia.org/wikipedia/commons/1/10/Stora_Teatern.jpg,"""English: Stora Teatern (""""Grand Theater"""") in Gothenburg, Sweden. Svenska: Stora Teatern i Göteborg."""
image_55.jpg,https://upload.wikimedia.org/wikipedia/commons/f/f0/%D0%9F%D1%80%D0%B0%D0%B2%D0%BE%D1%81%D0%BB%D0%B0%D0%B2%D0%BD%D0%B0_%D1%86%D1%80%D0%BA%D0%B2%D0%B0_%D0%A1%D0%B2%D0%B5%D1%82%D0%BE%D0%B3_%D0%93%D0%BB%D0%B8%D0%B3%D0%BE%D1%80%D0%B8%D1%98%D0%B0_%D0%91%D0%BE%D0%B3%D0%BE%D1%81%D0%BB%D0%BE%D0%B2%D0%B0-%D0%B8%D0%BA%D0%BE%D0%BD%D0%BE%D1%81%D1%82%D0%B0%D1%81.jpg,Српски / srpski: Иконостас у Православној цркви Светог Глигорија у Товаришеву
image_56.jpg,https://upload.wikimedia.org/wikipedia/commons/f/f5/Talaia._Sentimenduen_analisia.png,Euskara: Sentimenduen analisirako Talaia ataria. 2016ko EAEko hauteskunde autonomikoen termmetro digital gisa. English: Talaia portal of sentiment analysis. Digital thermometer of the 2016 regional elections.
image_57.jpg,https://upload.wikimedia.org/wikipedia/commons/9/98/Pomodoro_cigliegino_grappolo_01.jpg,This file was uploaded with Commonist. Italiano: Grappolo di pomodori cigliegino a diverso grado di maturazione
image_58.jpg,https://upload.wikimedia.org/wikipedia/commons/3/35/Lelwel_Hartebeest00.jpg,"""English: Drawing of Lelwel Hartebeest (Alcelaphus buselaphus lelwel), from """"Records of Big Game"""", Rowland Ward"""
image_59.jpg,https://upload.wikimedia.org/wikipedia/commons/e/e1/George_Thomas_Adkins_passport_application.jpg,English: Archives New Zealand Reference: ACGO 8333 IA1 1350 / 15/11/59182
image_60.jpg,https://upload.wikimedia.org/wikipedia/commons/0/05/Traction_La_Ferte-Vidame.jpg,English: 80 Jahre Citroen Traction Avant 2014 La Ferte-Vidame
image_61.jpg,https://upload.wikimedia.org/wikipedia/commons/0/05/Diodora_ruepellii_002.jpg,"English: Diodora rueppellii (G.B. Sowerby I, 1835) (underside) , a keyhole limpet from the family Fissurellidae; Malaga, Spain"
image_62.jpg,https://upload.wikimedia.org/wikipedia/commons/a/a1/Winston_Lackin_e_Antonio_Patriota.jpg,"Português: Brasília - Os ministros das Relações Exteriores do Suriname e do Brasi, Winston Lackin e Antônio Patriota, dão entrevista sobre os acordos de cooperação entre os dois países."
image_63.jpg,https://upload.wikimedia.org/wikipedia/commons/2/26/Flag_of_Aga_Niigata.JPG,English: Flag of Aga Niigata 日本語: 阿賀町旗
image_64.jpg,https://upload.wikimedia.org/wikipedia/commons/4/42/The_Black_Dahlia_Murder_-_Wacken_Open_Air_2016-AL1489.jpg,Deutsch&#x3a;&#32; The Black Dahlia Murder - Wacken Open Aire 2016English&#x3a;&#32; The Black Dahlia Murder - Wacken Open Aire 2016
image_65.jpg,https://upload.wikimedia.org/wikipedia/commons/4/4e/CPPatternAndCloisons.jpg,English: Adding cloisons to patterned base Cloisonne production at an official state production facility. Picture taken late September 2002 by Leonard G. Selectively digitally blurred for jpeg image storage reduction.
image_66.jpg,https://upload.wikimedia.org/wikipedia/commons/2/29/De_Eenden_Wanroij_-_GvKempen.jpg,"""Sculpture """"De Eenden"""" in Wanroij, The Netherlands"""
image_67.jpg,https://upload.wikimedia.org/wikipedia/commons/6/6e/Modica_interno_della_chiesa_di_S._Maria_di_Betlemme.jpg,Italiano: Modica: interno della chiesa di S. Maria di Betlemme (xilografia di Barberis 1892).
image_68.jpg,https://upload.wikimedia.org/wikipedia/commons/b/b6/Tomasz_Majewski_na_stadionie_Or%C5%82a_podczas_4._Mityngu_Kamili_Skolimowskiej_25_sierpie%C5%84_2013.JPG,Polski: Tomasz Majewski na stadionie Orła podczas 4. Mityngu Kamili Skolimowskiej 25 sierpień 2013
image_69.jpg,https://upload.wikimedia.org/wikipedia/commons/c/cb/%D0%A2%D1%83%D1%80%D0%B3%D0%B0%D0%B9%D1%81%D0%BA%D0%B0%D1%8F_%D0%BE%D0%B1%D0%BB%D0%B0%D1%81%D1%82%D1%8C_%D0%9C%D0%92%D0%94_%D0%91%D0%B5%D0%BD%D0%BA%D0%B5.jpg,Official Russian Empire coat of arms Turgai Oblast. Герб Российской Империи Тургайской области в Гербовнике МВД. Утверждён Императором Всероссийским Александром Вторым в 1878 году.
image_70.jpg,https://upload.wikimedia.org/wikipedia/commons/b/b8/Jonankg.jpg,日本語: 城南学園幼稚園
image_71.jpg,https://upload.wikimedia.org/wikipedia/commons/6/63/Lord_Stanley_of_Preston.jpg,English: Portrait of Lord Stanley of Preston.
image_72.jpg,https://upload.wikimedia.org/wikipedia/commons/3/34/Clash_21051980_12_800.jpg,"The Clash, Chateau Neuf, Oslo, Norway"
image_73.jpg,https://upload.wikimedia.org/wikipedia/commons/2/23/2KR6.pdb.png,Structure of presenilin
image_74.jpg,https://upload.wikimedia.org/wikipedia/commons/0/05/Akula_%28Typhoon%29_class_submarine_DD-ST-85-06625.jpg,"""English: A starboard quarter view of a Soviet Project 941 """"Akula"""" class (NATO reporting name: """"Typhoon"""") ballistic missile submarine underway."""
image_75.jpg,https://upload.wikimedia.org/wikipedia/commons/2/21/AFR_DL42_01.jpg,Alishan Forest Railway Diesel locomotive DL42 阿里山森林鐵路柴油機車DL42
image_76.jpg,https://upload.wikimedia.org/wikipedia/commons/0/04/Karachi_Streetshots2.jpg,"Karachi Streetshots. Karachi by day, on the road."
image_77.jpg,https://upload.wikimedia.org/wikipedia/commons/1/14/Frost_Olympos_in_Avacha_Bay_Petropavlovsk-Kamchatskiy_27_August_2010.jpg,"Русский: Фрост Олимпос в Авачинской бухте, Тихий океан, Авачинская губа, Камчатский край, Петропавловск-Камчатский in Avacha Bay Petropavlovsk-Kamchatskiy 27 August 2010 (в бухте находятся военный корабль Иней с сопровождением РБ-262, Фрост Олимпос и катер береговой охраны, на заднем плане ЗАТО Вилючинск и вулкан Вилючинская сопка) English: Frost Olympos in Avacha Bay Petropavlovsk-Kamchatskiy 27 August 2010 (Iney assisted by RB-262; patrol vessel of the coast guard of the Russian Federation, ZATO (closed administrative-territorial formation) Vilyuchinsk and Vilyuchik in the background)"
image_78.jpg,https://upload.wikimedia.org/wikipedia/commons/a/a0/Diffa%2C_30_septembre_1866%2C_soci%C3%A9t%C3%A9_mini%C3%A8re_Mokta_el-Hadid.jpg,"Français&#160;: Diffa offerte le 30 septembre 1866, par la société minière Mokta el-Hadid (Algérie), au vice-amiral de Gueydon, commandant en chef."
image_79.jpg,https://upload.wikimedia.org/wikipedia/commons/a/a6/Bibliotheek_van_Merksem.jpg,Nederlands: Bibliotheek van Merksem
image_80.jpg,https://upload.wikimedia.org/wikipedia/commons/a/a2/%27Resolution%27_in_Belfast_-_geograph.org.uk_-_636807.jpg,"English: 'Resolution' in Belfast. The highly unusual ship 'Resolution' in the building dock at Harland and Wolff in Belfast beneath the gantry cranes 'Samson' and 'Goliath' 599214 The ship is used in the construction of offshore windfarms and was in Belfast to collect turbine foundations that had been manufactured by Harland and Wolff for an offshore windfarm in the Solway Firth (see http://news.bbc.co.uk/1/hi/scotland/south_of_scotland/7151034.stm ). Its unusual shape comes from the six 130m legs which, once on site, jacks the vessel out of the water and provides a stable working platform to construct windfarms at sea. See http://www.ship-technology.com/projects/mayflower/ for some technical info on the Resolution."
image_81.jpg,https://upload.wikimedia.org/wikipedia/commons/6/60/1972_Oldsmobile_Cutlass_Supreme_%2815117916589%29.jpg,"""9th Annual Saturday Night Cruise-In September 20,2014 Hastings, Minnesota My second time to this event and the second time I got rained on. It was nice before and after the rain though. I did miss quite a few great cars that left before I could capture them, including a white 1962 Imperial that I caught a glimpse of at &quot;Back to the 50's&quot; More of my car pictures at my Flickr site: &lt;a href=""""https://www.flickr.com/photos/greggjerdingen/collections/72157631550277505/""""&gt;www.flickr.com/photos/greggjerdingen/collections/72157631...&lt;/a&gt;"""
image_82.jpg,https://upload.wikimedia.org/wikipedia/commons/2/20/Samuel_Cole_Wright.jpg,"English: Samuel Cole Wright, a veteran of the American Civil War and recipient of the Medal of Honor"
image_83.jpg,https://upload.wikimedia.org/wikipedia/commons/2/25/NM_landevei_fellesstart_2020_R%C3%B8yse_-_9_Idar_Andersen_-_13_Jonas_Iversby_Hvideberg.jpg,Norsk bokmål: NM landevei fellesstart 2020 Røyse - 9 Idar Andersen - 13 Jonas Iversby Hvideberg
image_84.jpg,https://upload.wikimedia.org/wikipedia/commons/d/d6/Spain_Cadiz_Municipality_of_Algeciras.png,English: Municipal locator
image_85.jpg,https://upload.wikimedia.org/wikipedia/commons/6/6f/%D0%A1%D0%BE%D0%B1%D0%BE%D1%80_%D0%90%D0%BB%D0%B5%D0%BA%D1%81%D0%B0%D0%BD%D0%B4%D1%80%D0%BE%D0%B2.jpg,"Русский: Иконостас, барабан"
image_86.jpg,https://upload.wikimedia.org/wikipedia/commons/a/ad/Iran_-_Hamedan_view_from_Alvand_Mountain_-_panoramio.jpg,English: Iran - Hamedan view from Alvand Mountain
image_87.jpg,https://upload.wikimedia.org/wikipedia/commons/4/4e/Bakenranef_sarcophagus_Florence.JPG,"English: Limestone sarcophagus of Bakenranef, vizier under Psametek I. From his tomb (Saqqara). Reign of Psametek I, 26th dynasty, Late Period. Florence, Museo archeologico nazionale. Italiano: Sarcofago in pietra calcarea di Bakenrenef, visir sotto Psammetico I, rinvenuto nella sua tomba a Saqqara. Regno di Psammetico I, XXVI dinastia, Epoca Tarda. Firenze, Museo archeologico nazionale."
image_88.jpg,https://upload.wikimedia.org/wikipedia/commons/2/2c/Gare-Lenclo%C3%AEtre-1900-2.jpg,Français&#160;: Le bâtiment voyageurs vers 1900.
image_89.jpg,https://upload.wikimedia.org/wikipedia/commons/0/04/Poggio_Renatico_-_Abbazia.png,"Italiano: Abbazia di San Michele Arcangelo a Poggio Renatico. In stile gotico-lombardo del XIV secolo, è stata inaugurata nel 1907. Sul tetto sono visibili i danni del terremoto dell'Emilia del 2012. Sulla destra si intravedono i detriti derivanti dai resti del campanile, demolito con 120 microcariche di dinamite dopo essere rimasto seriamente danneggiato dal terremoto."
image_90.jpg,https://upload.wikimedia.org/wikipedia/commons/c/cf/Bassigny-localisation.jpg,Localisation du Bassigny
image_91.jpg,https://upload.wikimedia.org/wikipedia/commons/2/20/Giorgos_Souflias.JPG,Ελληνικά: Γιώργος Σουφλιάς
image_92.jpg,https://upload.wikimedia.org/wikipedia/commons/1/1b/PRIstateswoninmexico.png,English: States won by PRI
image_93.jpg,https://upload.wikimedia.org/wikipedia/commons/8/8b/Sankt_Urban_im_Bezirk_FE.png,Deutsch: Bezirk Feldkirchen
image_94.jpg,https://upload.wikimedia.org/wikipedia/commons/d/d1/Batavia_Stad_2_klein.jpg,English: Batavia Stad Nederlands: Batavia Stad
image_95.jpg,https://upload.wikimedia.org/wikipedia/commons/c/c5/Little_Brother_performing_in_Atlanta.jpg,"Hip hop group Little Brother performing in Atlanta, Georgia."
image_96.jpg,https://upload.wikimedia.org/wikipedia/commons/a/af/F-11F_Blue_Angel_and_Fleet_2.jpg,English: Grumman F-11F Tiger and Fleet Model 2 in the Cradle of Aviation Museum. Grumman F-11F Tiger en Fleet Model 2 in het Cradle of Aviation Museum.
image_97.jpg,https://upload.wikimedia.org/wikipedia/commons/9/9b/%D0%9A%D1%80%D0%BE%D0%BD%D1%88%D1%82%D0%B0%D0%B4%D1%82.%D0%A4%D0%BE%D1%80%D1%82_%D0%90%D0%BB%D0%B5%D0%BA%D1%81%D0%B0%D0%BD%D0%B4%D1%80_I._%D0%92%D0%BD%D1%83%D1%82%D1%80%D0%B5%D0%BD%D0%BD%D0%B8%D0%B9_%D0%B4%D0%B2%D0%BE%D1%80.jpg,"Форт Александр I. Внутренний двор. This is a photo of a cultural heritage object in Russia, number: 7810285015 This template and pages using it are maintained by the Russian WLM team. Please read the guidelines before making any changes that can affect the monuments database!"
image_98.jpg,http://upload.wikimedia.org/wikipedia/commons/f/f3/Gymnasium-GHC.jpg,Paul-Gerhardt-Gymnasium in Gräfenhainichen
image_99.jpg,https://upload.wikimedia.org/wikipedia/commons/2/2a/Bettkober-Grafschwerin01a.jpg,Deutsch: Kurt Christoph Graf von Schwerin Русский: Памятник графу Шверину
image_100.jpg,http://upload.wikimedia.org/wikipedia/commons/c/cc/Hagfish_at_the_Oakburn_DSC09110.JPG,"English: Hagfish, Duiker Point, Cape Peninsula."
image_101.jpg,https://upload.wikimedia.org/wikipedia/commons/d/d8/Kapela_Pu%C5%BEevci.jpg,Slovenščina: Kapela Puževci Slovenija English: Chapel Puževci Slovenia
image_102.jpg,https://upload.wikimedia.org/wikipedia/commons/1/16/Zager%2C_J%C3%B6rg-1.jpg,Deutsch: Jörg Zager
image_103.jpg,https://upload.wikimedia.org/wikipedia/commons/d/da/Lannoy7.JPG,"Deutsch: Eustachius de Lannoy ergibt sich 1741, nach der Schlacht von Colachel, Gemälde, um 1750, Padmanabhapuram Palast, Tamil Nadu, Indien"
image_104.jpg,https://upload.wikimedia.org/wikipedia/commons/0/07/Pfaffenstein.jpg,Čeština: Stolová hora Pfaffenstein Autor Zp.
image_105.jpg,https://upload.wikimedia.org/wikipedia/commons/1/11/Nishitetsu_Shirakibaru_Station02.jpg,"English: Nishitetsu Shirakibaru Station(eastside entrance), Nishitetsu Tenjin Omuta Line. 日本語: 西鉄天神大牟田線 白木原駅（東口）"
image_106.jpg,https://upload.wikimedia.org/wikipedia/commons/6/6f/Maqueta_del_lloc_arqueol%C3%B2gic_de_Kotosh_del_Museu.jpg,Català: Maquesta del lloc arqueològic de Kotosh del Museu de Kotosh
image_107.jpg,https://upload.wikimedia.org/wikipedia/commons/1/10/Polar_Music_Prize_2005_-_Carl_XVI_Gustaf_and_Thomas_Fischer-Dieskau.jpg,"English: Thomas Fischer-Dieskau, nephew of Dietrich Fischer-Dieskau, receives the 2005 Polar Music Prize in place of his uncle from the hands of His Majesty, King Carl XVI Gustaf of Sweden at the Stockholm Concert Hall."
image_108.jpg,https://upload.wikimedia.org/wikipedia/commons/0/01/%E7%A6%8F%E5%B7%9E%E4%B8%9C%E7%AB%99_-_Fuzhou_East_Railway_Station_-_2014.09_-_panoramio.jpg,福州东站 - Fuzhou East Railway Station - 2014.09
image_109.jpg,https://upload.wikimedia.org/wikipedia/commons/b/b4/RO_BN_Biserica_evanghelica_din_Morut_%2811%29.jpg,"English: Lutheran church in Moruț, Bistrița-Năsăud county, Romania Română: Biserica evanghelică (turnul clopotniță și ruina navei bisericii evanghelice C.A.), sat Moruț; comuna Matei This is a photo of a historic monument in județul Bistrița-Năsăud, classified with number BN-II-m-B-01679"
image_110.jpg,http://upload.wikimedia.org/wikipedia/commons/7/72/Rongk%C3%A4ik%2C_Stockholmi_Eesti_Kool.IMG_5028.JPG,Eesti: Stockholmi Eesti Kooli koor XI noorte laulu- ja tantsupeo rongkäigus
image_111.jpg,http://upload.wikimedia.org/wikipedia/commons/5/54/7_Bukowskie_Prezentacje_Fokloru_Mlodych_-_festiwal_2009.JPG,English: Folk festival in Bukowsko.
image_112.jpg,http://upload.wikimedia.org/wikipedia/commons/8/8a/Neud%C3%B6rfl%2C-Leitham%C3%BChle-%281650%29.jpg,"Deutsch: Neudörfl, „Hofleithamühl“."
image_113.jpg,https://upload.wikimedia.org/wikipedia/commons/0/03/Pallas_Spangel_verbessert.jpg,"Deutsch: Pallas Spangel, Rektor Universität Heidelberg, Buchtitelseite"
image_114.jpg,https://upload.wikimedia.org/wikipedia/commons/7/78/S%C3%BCdburg_Lageplan.jpg,"Deutsch: Lageplan der Südburg von Hattusa, Zentraltürkei"
image_115.jpg,https://upload.wikimedia.org/wikipedia/commons/c/c6/Labour_Members_of_Parliament_1966.jpg,English: Labour Members of Parliament at the opening of a new session of Parliament
image_116.jpg,https://upload.wikimedia.org/wikipedia/commons/a/a3/Ford_fiesta_from_RTCC.jpg,"Русский: Смоленское кольцо , 1 этап RTCC 2011"
image_117.jpg,https://upload.wikimedia.org/wikipedia/commons/e/ed/Ukrainian_SSR_1938.jpg,Ukrainian SSR (Украинская ССР).
image_118.jpg,https://upload.wikimedia.org/wikipedia/commons/b/bd/Kartoffelstampfer_2015.jpg,Deutsch: Kartoffelstampfer
image_119.jpg,https://upload.wikimedia.org/wikipedia/commons/b/b2/MSC_2014_Erekat-GiscardDEstaing-Livni_Zwez_MSC2014.jpg,"English: 50th Munich Security Conference 2014: Saeb Erekat,Valéry Giscard d'Estaing and Tzipi Livni: Saeb Erekat (Head of the Palestinian Negotiation Steering and Monitoring Committee, Palestinian National Authority), Valéry Giscard d'Estaing (Former President of the French Republic) and Tzipi Livni (Minister of Justice, State of Israel)."
image_120.jpg,https://upload.wikimedia.org/wikipedia/commons/b/b2/Maskinen_2011_%28crop%29.jpg,Svenska: Maskinen 2011.
image_121.jpg,http://upload.wikimedia.org/wikipedia/commons/a/a3/Mazirot%2C_%C3%89glise_Saint-Pierre-aux-Liens_2.jpg,Français&#160;: L'église Saint-Pierre-aux-Liens à Mazirot Deutsch: Kirche Saint-Pierre-aux-Liens in Mazirot
image_122.jpg,https://upload.wikimedia.org/wikipedia/commons/8/88/Expulsion_of_the_Russian_envoy_to_the_Holy_See_Felix_von_Meyendorff_by_Pope_Pius_IX.PNG,English: Expulsion of the Russian envoy to the Holy See Felix von Meyendorff by Pope Pius IX in 1864 for insulting catholic faithDeutsch: Die Ausweisung des russischen Gesandten Felix von Meyendorff durch Papst Pius IXPolski: Odprawa udzielona posłowi rosyjskiemu Feliksowi von Meyendorffowi przez papieża Piusa IX
image_123.jpg,https://upload.wikimedia.org/wikipedia/commons/b/be/Malacostraca_-_Evolu%C3%A7%C3%A3o_no_registro_f%C3%B3ssil.png,Português: A imagem provém de um artigo (Evolutionary Trends In Crustacea - Malacostraca) e representa a evolução ao longo das eras geológicas desta classe.
image_124.jpg,https://upload.wikimedia.org/wikipedia/commons/a/aa/First_arrivals_at_Manus_Island_Airport_%288204043801%29.jpg,"The first group of irregular maritime arrivals arrived at the regional processing centre in Manus Island, PNG today. The 19 people, comprising families from Sri Lanka and Iran, departed Christmas Island late yesterday. Transfers to Manus Island and Nauru will continue in coming weeks and months."
image_125.jpg,http://upload.wikimedia.org/wikipedia/commons/b/bc/MmeAcarie.jpg,English: Marie of the Incarnation (1566-1618)
image_126.jpg,http://upload.wikimedia.org/wikipedia/commons/0/05/Gedecktes_Br%C3%BCggli_1780.jpg,"Gedecktes Brüggli, Stich von 1780"
image_127.jpg,http://upload.wikimedia.org/wikipedia/commons/c/c9/Loxodrome2.jpg,Deutsch: Unterscheidung Loxodrome – Orthodrome
image_128.jpg,https://upload.wikimedia.org/wikipedia/commons/a/a5/Cheirolophus_crassifolius_Malta_Dingli_Cliffs_07.jpg,"Cheirolophus crassifolius, Malta Thanks to Stephen Mifsud http://www.maltawildplants.com Flowering plant"
image_129.jpg,https://upload.wikimedia.org/wikipedia/commons/2/2d/Womens_equality_day_program_book.jpg,"English: Program book for Women’s Equality Day, Aug. 23, 2016"
image_130.jpg,https://upload.wikimedia.org/wikipedia/commons/c/c0/B-25_Mitchell_nose_art_Tondelayo.jpg,"""English: Detail of the nose art on a B-25 Mitchell aircraft, at the Collings Foundation Airshow. Aircraft details: B-25J-15NC c/n 108-32207 44-28932 (N3476G), ex-TB-25J, ex-TB-25N BD-932, ex-air tanker #6, """"Tondelayo"""", Collings Foundation, New Smyrna Beach, FL (A)."""
image_131.jpg,https://upload.wikimedia.org/wikipedia/commons/8/84/Death_of_Sappho_by_Miguel_Carbonell_Selva.jpg,Death of Sappho
image_132.jpg,https://upload.wikimedia.org/wikipedia/commons/4/41/BodilskerStationSporside.jpg,"Dansk: Bodilsker Station, sporside"
image_133.jpg,https://upload.wikimedia.org/wikipedia/commons/9/96/Oskar_Kraus.png,Čeština: filozof Oskar Kraus
image_134.jpg,https://upload.wikimedia.org/wikipedia/commons/5/5d/Besko_-_oczyszczalnia_sciekow.JPG,Polski: Besko - oczyszczalnia sciekow
image_135.jpg,https://upload.wikimedia.org/wikipedia/commons/e/e2/Finnish_language_map%2C_detailed_areas.png,Map of the areas where the Finnish language is spoken.
image_136.jpg,https://upload.wikimedia.org/wikipedia/commons/e/ef/Blepsias_cirrhosus_2.jpg,English: Photo of Blepsias cirrhosus (silverspotted sculpin) at the Vancouver Aquarium
image_137.jpg,https://upload.wikimedia.org/wikipedia/commons/1/15/Hip%C3%B3dromo_de_San_Isidro_01-09-2012.jpg,"Español: Panorámica del Hipódromo de San Isidro, donde se observa la redonda de exhibición de los purasangre, la pista de césped y el tablero electrónico indicador de dividendos."
image_138.jpg,https://upload.wikimedia.org/wikipedia/commons/b/b8/RO_GJ_Biserica_Sfantul_Nicolae_din_Bradiceni_%285%29.jpg,"English: Saint Nicholas church in Brădiceni, Gorj county, Romania Română: Biserica „Sfântul Nicolae”, sat Brădiceni; comuna Peștișani, Cătunul Mămăroi This is a photo of a historic monument in județul Gorj, classified with number GJ-II-m-B-09247"
image_139.jpg,http://upload.wikimedia.org/wikipedia/commons/0/03/Moorbad_Gm%C3%B6s_-_Teich_mit_Nebel.jpg,Moor in Gmös
image_140.jpg,https://upload.wikimedia.org/wikipedia/commons/d/d7/Birthplace_of_Monroe_historical_marker.jpg,"English: A historical marker on State Route 205 at the entrance to the James Monroe Family Home Site near Colonial Beach in Westmoreland County, Virginia, United States."
image_141.jpg,https://upload.wikimedia.org/wikipedia/commons/0/0c/Night_Club_2015.jpg,English: Mark Brooks and Emily Kavanaugh
image_142.jpg,https://upload.wikimedia.org/wikipedia/commons/5/54/Alsfeld_Brauerei_Wallach_303.JPG,"Deutsch: Werbeanzeige der Brauerei Wallach in Heinrich Dittmar/Herbert Jäkel: Geschichte der Juden in Alsfeld. Alsfeld, Geschichts- u. Museumsverein, 1988, S. 107, ISBN 3-927284-00-9"
image_143.jpg,https://upload.wikimedia.org/wikipedia/commons/a/a8/Va_nationalforests.png,"English: Map showing the location of the George Washington and Jefferson National Forests in Virginia, United States."
image_144.jpg,https://upload.wikimedia.org/wikipedia/commons/2/29/Cup_of_Sahlep_in_tearoom_in_T%C5%99eb%C3%AD%C4%8D%2C_T%C5%99eb%C3%AD%C4%8D_District.jpg,"English: Cup of Sahlep in tearoom in Třebíč, Czech Republic. Čeština: Hrnek Sahlepu v čajovně v Třebíči."
image_145.jpg,https://upload.wikimedia.org/wikipedia/commons/2/2f/110th_Tactical_Fighter_Squadron_McDonnell_F-4C-23-MC_Phantom_64-0749.jpg,"English: 110th Tactical Fighter Squadron McDonnell F-4C-23-MC Phantom 64-0749, Lambert Field, St Louis, Missouri, 1980"
image_146.jpg,https://upload.wikimedia.org/wikipedia/commons/4/4f/Estacion_Ariel_%28FCPBA%29.jpg,Español: Estación Ariel (FCPBA)
image_147.jpg,http://upload.wikimedia.org/wikipedia/commons/e/e8/Map_commune_FR_insee_code_80058.png,English: Map of French municipality Bayonvillers Français&#160;: Carte des communes françaises Bayonvillers Nederlands: Kaart van Franse gemeente Bayonvillers
image_148.jpg,https://upload.wikimedia.org/wikipedia/commons/a/a4/DJ_Rattan_2014.jpg,English: DJ Rattan
image_149.jpg,https://upload.wikimedia.org/wikipedia/commons/2/2c/2017-03-07_Geneva_Motor_Show_0845.JPG,English: Geneva Motor Show 2017 (photo taken on the first press day) Français&#160;: Salon international de l'automobile de Genève 2017 Deutsch: Genfer Auto-Salon 2017 (Foto vom ersten Pressetag) Italiano: Salone dell'automobile di Ginevra 2017 (foto scattate durante il primo giorno dedicato alla stampa)
image_150.jpg,https://upload.wikimedia.org/wikipedia/commons/9/95/%27t_Huis_Boxbergen_1730.jpg,"English: Huis Boxbergen, Olst-Wijhe Nederlands: 't Huis Boxbergen, Olst-Wijhe Original caption: Olst. „Boxbergen”"
image_151.jpg,https://upload.wikimedia.org/wikipedia/commons/c/c2/%D0%9C%D0%BE%D0%BC%D0%B5%D0%BD%D1%82_%D0%BF%D0%B0%D0%B4%D1%96%D0%BD%D0%BD%D1%8F_2.jpg,"Українська: Пам'ятник В.І. Леніну (зруйнований), Харків, майд. Свободи (кол. пл. Ф.Е. Дзержинського)"
image_152.jpg,https://upload.wikimedia.org/wikipedia/commons/7/7c/Expoforum_2.JPG,English: Expoforum scale model at Lenexpo Русский: Макет Экспофорума на выставке «Ленэкспо»
image_153.jpg,http://upload.wikimedia.org/wikipedia/commons/d/da/Kasina_Turnia_T.41.jpg,Polski: Rozdroże pod Kasprowym. Kasina Turnia i żleb Wrota
image_154.jpg,https://upload.wikimedia.org/wikipedia/commons/2/24/Glamocko_polje_1.JPG,Српски / srpski: Glamočko poljeEnglish: Glamoč field
image_155.jpg,https://upload.wikimedia.org/wikipedia/commons/a/ac/Baerensee002.JPG,Bärensee
image_156.jpg,https://upload.wikimedia.org/wikipedia/commons/5/52/Moslehi_SUNY_Abany.jpg,English: Roxana Moslehi at the Cancer Research Center at SUNY East campus
image_157.jpg,https://upload.wikimedia.org/wikipedia/commons/7/7a/RosiaNouaAR_%28100%29.JPG,"Română: Biserica de lemn din Roșia Nouă, județul Arad This is a photo of a historic monument in județul Arad, classified with number AR-II-m-B-00644"
image_158.jpg,https://upload.wikimedia.org/wikipedia/commons/e/ec/Verlauf_der_Miesenbach.jpg,Deutsch: Verlauf der Miesenbach richtung Süden
image_159.jpg,https://upload.wikimedia.org/wikipedia/commons/8/8a/Eugenie_Besserer_01.JPG,English: Eugenie Besserer
image_160.jpg,https://upload.wikimedia.org/wikipedia/commons/b/bf/Jonas_Olsson_Fulham_v_WBA_%28cropped%29.jpg,"Craven Cottage, September 2012"
image_161.jpg,https://upload.wikimedia.org/wikipedia/commons/4/43/Hanne_S%C3%B8rvaag_live_in_Oslo.jpg,English: Singer songwriter
image_162.jpg,https://upload.wikimedia.org/wikipedia/commons/4/48/Reef1075_-_Flickr_-_NOAA_Photo_Library.jpg,"English: Donkey dung sea cucumber (Holothuria mexicana). This species of holothurian can attain lengths of 20 inches. U. S. Virgin Islands, Coki Beach, St. Thomas."
image_163.jpg,https://upload.wikimedia.org/wikipedia/commons/7/75/South_Branch_Bowman_Creek.jpg,English: South Branch Bowman Creek on the Mountain Springs Trail in Ricketts Glen State Park.
image_164.jpg,https://upload.wikimedia.org/wikipedia/commons/d/d8/Gen_Con_Indy_2008_-_costumes_58.JPG,"Picture of Gen Con Indy 2008 in Indianapolis, Indiana, USA."
image_165.jpg,https://upload.wikimedia.org/wikipedia/commons/f/fc/Plan_de_Paris_1858_%28Petit_Gentilly%29.png,Français&#160;: Plan de Paris 1858 (Petit Gentilly)
image_166.jpg,https://upload.wikimedia.org/wikipedia/commons/2/2b/Ca%C3%B1%C3%B3n_de_la_Fragata_Magdalena.jpg,"Cañón recuperado de la Fragata Magdalena. Esta fragata, junto al Bergantín Palomo, se hundieron frente a la localidad de Viveiro en el año 1810."
image_167.jpg,https://upload.wikimedia.org/wikipedia/commons/8/82/Armenian_Patriarch_of_Constantinople_-_P1040052.JPG,"English: The office building of the Armenian Patriarchate of Constantinople, across the street from the Surp Asdvadzadzin Patriarchal Church."
image_168.jpg,https://upload.wikimedia.org/wikipedia/commons/2/24/Anton_Heinrich_Springer.jpg,German art historian and writer Anton Heinrich Springer.
image_169.jpg,https://upload.wikimedia.org/wikipedia/commons/d/da/Rosenberg_Hammerphilippsburg_1a_8362.jpg,Deutsch: Hammer Philippsburg / Hammer Rosenberg (linkes Gebäude) - rechts im Vordergrund Brücke und Teil vom Rosenbach
image_170.jpg,https://upload.wikimedia.org/wikipedia/commons/6/64/Larvaefeedingoncacti.jpg,English: Larvae eating on an Opuntia Cacti
image_171.jpg,https://upload.wikimedia.org/wikipedia/commons/1/17/Paul_Gray_%282%29.jpg,"The Voice Finalists perform live at Warringah Mall, Sydney, Australia Darren Percival, Sarah De Bono and Rachael Leahcar enjoyed a public appearance at Warringah Mall, on Sydney's northern beaches this afternoon. The former contestants on Channel Nine's 'The Voice' were there to promote their music of course. Hundreds of passionate fans showed up to offer their support and a few lucky ones who bought CD's of their favourite performers from 'The Voice' got them autographed. Their music can also be enjoyed via iTunes. Nova sponsored the event. Music remains a popular medium in the reality TV industry. The Voice (U.S) is currently screening on Australian TV, but has not enjoyed the same ratings success as the Australian version. We wish all of the performing artists well as their careers continue to evolve in front of appreciative Australian audiences. Websites iTunes - Sarah De Bono itunes.apple.com/au/artist/sarah-de-bono/id516897190 The Voice (Australia) www.thevoice.com.au Warringah Mall www.warringahmall.com.au Nova www.novafm.com.au Channel Nine www.channelnine.ninemsn.com.au Eva Rinaldi Photography Flickr www.flickr.com/evarinaldiphotography Eva Rinaldi Photography www.evarinaldi.com Music News Australia www.musicnewsaustralia.com"
image_172.jpg,https://upload.wikimedia.org/wikipedia/commons/3/3b/Flickr_-_Jo%C3%A3o_de_Deus_Medeiros_-_Doliocarpus_brevipedicellatus_%282%29.jpg,Doliocarpus brevipedicellatus Garcke - DILLENIACEAE - Parque Ecológico dos Jequitibás - Sobradinho - Distrito Federal - Brasil.
image_173.jpg,https://upload.wikimedia.org/wikipedia/commons/8/80/Illu_lymph_node_structure-ja.png,English: Lymph node Japanese labels are substtuted for English ones.
image_174.jpg,https://upload.wikimedia.org/wikipedia/commons/9/90/Mairie_de_La_Grange_02.jpg,"Français&#160;: Mairie de La Grange, Doubs, France"
image_175.jpg,https://upload.wikimedia.org/wikipedia/commons/3/30/Vellahn_Goldenbow_Gutshaus.jpg,English: Gutshaus in Goldenbow
image_176.jpg,https://upload.wikimedia.org/wikipedia/commons/e/e0/Woodfords_Brewery_4th_May_2008.JPG,A potograph of the Woodforde's Brewey at Woodbastwick in the county of Norfolk within the UK. DAF LF and Ford Transit.
image_177.jpg,https://upload.wikimedia.org/wikipedia/commons/3/3a/Chengannur_Mahadeva1.JPG,English: Chengannur Mahadeva temple
image_178.jpg,http://upload.wikimedia.org/wikipedia/commons/b/be/Haul_bag.jpg,English: Haul bag
image_179.jpg,https://upload.wikimedia.org/wikipedia/commons/f/f2/Feira-_livre_de_Monte_Alegre_de_Sergipe.JPG,Português: Feira livre de Monte Alegre no CEASA.
image_180.jpg,https://upload.wikimedia.org/wikipedia/commons/7/78/Jos%C3%A9_S%C3%B3crates_cropped.png,"José Sócrates, lors de son message de Noël, en 2008."
image_181.jpg,https://upload.wikimedia.org/wikipedia/commons/2/24/Rhizostoma_pulmo_on_Bournemouth_Beach.jpg,"English: A Rhizostoma pulmo jellyfish washed ashore on Bournemouth beach, Dorset."
image_182.jpg,https://upload.wikimedia.org/wikipedia/commons/d/d4/Atentado_de_Vaillant.jpg,Imagem do atentado de Vaillant publicada em 1893 no jornal Le Petit Parisiensi em 1894.
image_183.jpg,https://upload.wikimedia.org/wikipedia/commons/3/3f/Palace_of_Sennacherib_Restored.jpeg,"""English: Wood engraving of """"The thrones and palaces of Babylon and Nineveh"""" by John Philip Newman."""
image_184.jpg,https://upload.wikimedia.org/wikipedia/commons/3/3b/Amalie_Hohenester_1862_Die_Stadt-Frau-Bas.png,"Amalie Hohenester (Birth name&#58; Amalie Nonnenmacher; 1827–1878), German physician (alternative medicine)"
image_185.jpg,http://upload.wikimedia.org/wikipedia/commons/a/a0/%C3%89quipeitalie.JPG,"English: Team Italy, ice hockey. Euro Ice Hockey Challenge, 2003, Briançon, France. Français&#160;: Equipe d'Italie de hockey sur glace. Euro Ice Hockey Challenge, 2003, Briançon, France."
image_186.jpg,https://upload.wikimedia.org/wikipedia/commons/4/4b/JNR80_syounan.jpg,日本語: 国鉄80系電車
image_187.jpg,https://upload.wikimedia.org/wikipedia/commons/7/78/Marudi_Museum.jpg,English: Marudi Museum
image_188.jpg,https://upload.wikimedia.org/wikipedia/commons/5/56/Nawabzada_Mohammad_Ismail_Khan_Of_Amb_State.jpg,English: Sitting: Nawabzada Mohammad Ismail Khan Of Amb State).
image_189.jpg,https://upload.wikimedia.org/wikipedia/commons/c/c2/Pont_de_La_Motte_02.jpg,"Français&#160;: Extrait d'une ancienne photographie du pont de La Motte, ouvrage d'art franchissant les deux rives de la Loire entre les communes de La Riche et Fondettes, près de Tours, Indre-et-Loire."
image_190.jpg,http://upload.wikimedia.org/wikipedia/commons/6/66/Gijs_Bosch_Reitz.png,"English: Bosch Reitz, Sigisbert Chrétien ('Gijs') (1860-1938) (1894) in zijn atelier"
image_191.jpg,https://upload.wikimedia.org/wikipedia/commons/f/fb/Nass_Corporation_B.S.C._Logo.jpg,客家語/Hak-kâ-ngî: Nass Corp. logo
image_192.jpg,https://upload.wikimedia.org/wikipedia/commons/a/a0/Grapes_sorting_and_crushing_with_winemaking_equipment.jpg,"Sokol Blosser Winery, Willamette Valley, Oregon"
image_193.jpg,https://upload.wikimedia.org/wikipedia/commons/0/0b/OST_Courts%2C_Sheffield%2C_Texas.JPG,"English: This is a photograph of the main street of Sheffield, Texas, which was old U. S. Highway 290 and part of the Old Spanish Trail Highway. The OST Courts was a small local motel that operated in the community for a number of years in the 1950s and 60s."
image_194.jpg,https://upload.wikimedia.org/wikipedia/commons/1/10/William_P._Sprague_Brady_Handy.00544.jpg,English: William P. Sprague from Brady Handy Collection.
image_195.jpg,https://upload.wikimedia.org/wikipedia/commons/9/9c/156_Gr%C3%A4sk%C3%B6fj%C3%A4rden.jpg,"English: Gräsköfjärden, narrow coastal inlet in Stockholm archipelago through Kråkhålet at Furusund waterway"
image_196.jpg,https://upload.wikimedia.org/wikipedia/commons/9/9f/British_ambulance_wagons_after_the_Battle_of_Rafa_in_1917.jpg,English: Ambulance wagons returning to El Arish from Rafa
image_197.jpg,https://upload.wikimedia.org/wikipedia/commons/b/b6/Balagny-sur-Th%C3%A9rain_%2860%29%2C_%C3%A9glise_Saint-L%C3%A9ger%2C_crois%C3%A9e%2C_vue_vers_l%27est_2.JPG,"Français&#160;: Croisée, vue vers l'est."
image_198.jpg,https://upload.wikimedia.org/wikipedia/commons/0/0f/Sale_notice_Trafford_Hall_1927.jpg,"English: Sale notice for Trafford Hall, Chester in 1927"
image_199.jpg,https://upload.wikimedia.org/wikipedia/commons/6/60/Pthirus_gorillae.jpg,English: A magnified image of Pthirus gorillae.
image_200.jpg,https://upload.wikimedia.org/wikipedia/commons/4/4f/M%C3%BCnchehofe_Kirche_Gedenkstein_von_G%C3%B6rtz.JPG,Deutsch: Findling über dem Grab von Görtz auf dem Kirchhof neben der Kirche in Münchehofe der gleichnamigen Gemeinde im Landkreis Dahme-Spreewald in Brandenburg
image_201.jpg,https://upload.wikimedia.org/wikipedia/commons/4/43/Herz_Jesu_Kirche_Amstetten_1.jpg,Deutsch: Herz Jesu Kirche Amstetten
image_202.jpg,https://upload.wikimedia.org/wikipedia/commons/c/c7/Wyvern_Liber_Floridus.jpg,"Saint Michael and the angels fighting the Wyvern. MS. 724/1596 f.15r St. Michael and the Angels fighting the dragon, from 'Liber Floridus' by Lambert de Saint-Omer, c.1448 (vellum)"
image_203.jpg,http://upload.wikimedia.org/wikipedia/commons/4/46/Stiftsherrenhaus%2C_Hameln_Innenstadt.JPG,"English: Stiftsherrenhaus at the city of Hamelin, Germany Deutsch: Stiftsherrenhaus in der Hamelner Innenstadt"
image_204.jpg,https://upload.wikimedia.org/wikipedia/commons/b/b5/Lipa_v_Dysine.JPG,"Čeština: Lípa v Dýšině - památný strom v obci Dýšina, okres Plzeň-město Deutsch: Winter-Linde (Tilia cordata) in Dýšina, Bezirk Plzeň-město (Pilsen-Stadt), Tschechien English: Small-leaved Lime (Tilia cordata) in Dýšina, District Plzeň-město, Czech Republic"
image_205.jpg,https://upload.wikimedia.org/wikipedia/commons/5/54/Sapium_insigne_09.JPG,English: Sapium insigne
image_206.jpg,https://upload.wikimedia.org/wikipedia/commons/5/5a/Montbrison%2C_m%C3%A9diath%C3%A8que.jpg,"Français&#160;: Montbrison, médiathèque départementale de la Loire"
image_207.jpg,https://upload.wikimedia.org/wikipedia/commons/1/1c/20150325114211%21SOUTHERN_KURDISH.jpg,فارسی: اطلاعات درست
image_208.jpg,https://upload.wikimedia.org/wikipedia/commons/4/44/Marseille_Corniche_Pr%C3%A9sident_John_Kennedy%2C_plage.jpg,"Corniche Président John Kennedy, plage"
image_209.jpg,https://upload.wikimedia.org/wikipedia/commons/7/7d/%D0%91%D0%B8%D0%B1%D0%BB%D0%B8%D0%BE%D1%82%D0%B5%D0%BA%D0%B0_%D0%B2_%D0%9A%D0%BE%D0%B2%D1%80%D0%BE%D0%B2%D0%B5.jpg,Русский: Табличка на входе в детскую библиотеку имени С. М. Голицына в Коврове
image_210.jpg,https://upload.wikimedia.org/wikipedia/commons/b/bb/Whaligoe_01.jpg,"English: Cliffs at Whaligoe. Caithness, Highland council area, Scotland."
image_211.jpg,https://upload.wikimedia.org/wikipedia/commons/8/89/Recova_de_Pueyrred%C3%B3n_%28Plaza_Miserere%29.JPG,"Español: Cuadra del 0 al 100 de Avenida Pueyrredón, frente a la Plaza Miserere (o Plaza Once de Septiembre). Todos los edificios comparten una antigua recova que cubre la vereda, con locales comerciales. Buenos Aires, Argentina."
image_212.jpg,https://upload.wikimedia.org/wikipedia/commons/5/5a/Do%C5%88ov_CoA.jpg,Čeština: Doňov
image_213.jpg,https://upload.wikimedia.org/wikipedia/commons/6/63/BW_Bank_-_geo-en.hlipp.de_-_11928.jpg,BW Bank
image_214.jpg,https://upload.wikimedia.org/wikipedia/commons/4/4a/Flabiol_P_Pardo_03.jpg,"English: Flabiol of instrument maker P. Pardo, La Bisbal, Catalonia, 1967 Deutsch: Flabiol des Instrumentenbauers P. Pardo, La Bisbal, Katalonien, 1967 (Unterseite, Mundstück 8 cm und Blasrohr 17 cm inkl Aufsatzstück)"
image_215.jpg,https://upload.wikimedia.org/wikipedia/commons/3/30/Caspar_Wolf_Oberer_und_unterer_Grindelwaldgletscher_1774.jpg,"Deutsch: Oberer und Unterer Grindelwaldgletscher mit Wetterhorn, Mettenberg und Eiger 1774. Öl auf Leinwand, 82 x 226 cm. Aargauer Kunsthaus, Aarau."
image_216.jpg,https://upload.wikimedia.org/wikipedia/commons/e/e3/Ayunt_Almer%C3%ADa.JPG,"Español: Ayuntamiento de Almería, actualmente bajo reformas"
image_217.jpg,https://upload.wikimedia.org/wikipedia/commons/a/a6/Jos%C3%A9_Carvajal_y_Hu%C3%A9%2C_de_Capuz.jpg,"Español: «José Carvajal y Hué, último ministro de Estado», en la revista española La Ilustración Española y Americana."
image_218.jpg,https://upload.wikimedia.org/wikipedia/commons/3/39/HSD_Hochschule_D%C3%B6pfer%2C_K%C3%B6ln-5248.jpg,"Deutsch: HSD Hochschule Döpfer, Köln"
image_219.jpg,https://upload.wikimedia.org/wikipedia/commons/7/73/Cardiff_Castle_-_Bibliothek_Allegorien_Literatur_3_Assyrisch.jpg,English: Cardiff Castle ( Wales ). Castle apartments: Library ( 1870s ) - Allegory of Assyrian literature ( relief by Thomas Nicholls ). Deutsch: Cardiff Castle ( Wales ). Palas: Bibliothek ( 1870s ) - Allegorie der assyrischen Literatur ( Relief von Thomas Nicholls ).
image_220.jpg,https://upload.wikimedia.org/wikipedia/commons/6/68/71-615_%28KTM-15%29_tram_at_number_212_in_Pyatigorsk.jpg,"Русский: Трамвай 71-615 номер 212, улица Кирова, Пятигорск."
image_221.jpg,https://upload.wikimedia.org/wikipedia/commons/b/bd/Plaine_Joux_classe_de_neige_2.jpg,"Station de Plaine-Joux (Passy, Haute-Savoie, France)?. Rassemblement d'enfants de classe de neige."
image_222.jpg,https://upload.wikimedia.org/wikipedia/commons/1/14/FPCGreeneville.jpg,"English: First Presbyterian Church, Greeneville, TN and its adjacent chapel"
image_223.jpg,https://upload.wikimedia.org/wikipedia/commons/e/e7/Laida_Lertxundi.jpg,Euskara: Laida Lertxundi. Zinemagilea eta unibertsitateko irakaslea
image_224.jpg,https://upload.wikimedia.org/wikipedia/commons/5/50/Rio_Tiet%C3%AA_na_Marginal_do_Tiet%C3%AA_-_quase_limpo_-_panoramio.jpg,Rio Tietê na Marginal do Tietê - quase limpo!
image_225.jpg,https://upload.wikimedia.org/wikipedia/commons/6/62/Western_oases_-Egypt.jpg,"Western oases, El Kasr Egypt"
image_226.jpg,https://upload.wikimedia.org/wikipedia/commons/d/d7/Bundesarchiv_Bild_102-15282A%2C_Ernst_R%C3%B6hm.jpg,"For documentary purposes the German Federal Archive often retained the original image captions, which may be erroneous, biased, obsolete or politically extreme. Der Stabschef der SA. Ernst Röhm, wurde auf Vorschlag des Reichskanzlers zum Reichsminister ohne Geschäftsbereich ernannt! Der Reichspräsident zum Reichsminister ernannte Stabschef der SA. Ernst Röhm, welcher somit Mitglied der Reichsregierung wurde. [Text der erneuten Herausgabe im November 1933] Information added by Wikimedia users.English: Ernst Röhm, wearing a „Kampfbinde“ on his arm."
image_227.jpg,https://upload.wikimedia.org/wikipedia/commons/a/af/Gongen_Zukuri.png,日本語: 権現造平面図(神社建築) English: Gongen Zukuri(Honden structure of Shrine)
image_228.jpg,http://upload.wikimedia.org/wikipedia/commons/8/8f/GreeceDioikiseis.png,Map of Greece with General Directorates.
image_229.jpg,https://upload.wikimedia.org/wikipedia/commons/f/f1/Interniertengedenktafel_Seedorf_BE.jpg,Deutsch: Tafel zur Erinnerung an die Internierung von Franzosen in Seedorf/BE 1940.
image_230.jpg,http://upload.wikimedia.org/wikipedia/commons/5/5f/Regulus_stranded_in_the_mud_in_front_of_Fouras_under_attack_by_British_ships_August_1809.jpg,English: Regulus stranded in the mud in front of Fouras under attack by British ships August 1809
image_231.jpg,https://upload.wikimedia.org/wikipedia/commons/c/c6/Wheeling_Hospital%2C_Wheeling%2C_W._Va_%2874765%29.jpg,"English: Title: Wheeling Hospital, Wheeling, W. Va. Subjects: Hospitals Places: West Virginia &gt; Ohio (county) &gt; Wheeling Notes: Title from item. Extent: 1 print (postcard)&#160;: linen texture, color&#160;; 3 1/2 x 5 1/2 in. Accession #: 06_10_022617"
image_232.jpg,https://upload.wikimedia.org/wikipedia/commons/8/8b/Tempeh_003.jpg,日本語: インドネシアの大豆発酵食品であるテンペ
image_233.jpg,https://upload.wikimedia.org/wikipedia/commons/a/ad/Ko%C5%9Bci%C3%B3%C5%82_filialny_pw._Narodzenia_NMP_w_W%C4%85soszu.jpg,Polski: Kościół filialny pw. Narodzenia NMP w Wąsoszu
image_234.jpg,https://upload.wikimedia.org/wikipedia/commons/2/26/SETH_WETMORE_HOUSE%2C_MIDDLETOWN%2C_MIDDLESEX_COUNTY%2C_CT.jpg,"English: Colonial Georgian-style 1746 house built by Judge Seth Wetmore. Intersection of Connecticut Route 66 and Camp Road. Johnathan Edwards, Aaron Burr, and Lafayette were visitors here."
image_235.jpg,https://upload.wikimedia.org/wikipedia/commons/8/85/Parkside_High_School.jpg,"English: parkside high school in hamilton, ontario"
image_236.jpg,http://upload.wikimedia.org/wikipedia/commons/8/8d/Le_cotre_de_p%C3%AAche_FREPAT_%2838%29.JPG,"Français&#160;: Le cotre de pêche «&#160;FREPAT&#160;» participant à la parade nautique sur le Charente à Rochefort-sur-Mer, en l’ honneur de la mise à l’eau de la frégate «&#160;L’hermione&#160;» le vendredi 6 juillet 2012. Ce bateau de pêche a été construit aux Sables d’ Olonnes en 1942. Il a été utilisé pour pêcher des poissons et draguer des coquillages. Immatriculation: LR 277074. Rochefort-sur-Mer, Charente Maritime, France."
image_237.jpg,https://upload.wikimedia.org/wikipedia/commons/7/7a/Rajendra_Prasad_with_members_of_Delhi_District_Congress_Committee.jpg,English: The first President of India with members of the Delhi District Congress Committee (Ward No. 6) when they came to collect donation for providing relief to the East Bengali refugees.
image_238.jpg,https://upload.wikimedia.org/wikipedia/commons/0/03/Kors%C3%B8r_Hafen.JPG,Blick vom ehemaligen Bahnhof über das innere Korsører Hafenbecken zur Festung.
image_239.jpg,https://upload.wikimedia.org/wikipedia/commons/4/43/Mesopotamia_7000-6000.png,English: Mesopotamia_7000-6000 BC Català: Mesopotamia_7000-6000 aC
image_240.jpg,https://upload.wikimedia.org/wikipedia/commons/6/6e/%E5%BE%90%E5%8C%AF%E5%BB%A3%E5%A0%B4.jpg,English: ST.IGNATIUS PLAZA中文（台灣）‎: 徐匯廣場
image_241.jpg,https://upload.wikimedia.org/wikipedia/commons/6/6d/Crkva-Visnjevac.JPG,"Hrvatski: Župna Crkva Rođenja Blažene Djevice Marije, Višnjevac. Svibanj, 2011."
image_242.jpg,https://upload.wikimedia.org/wikipedia/commons/d/da/Bretforton06LB.jpg,"English: Stained glass window, St Leonard's, Bretforton, Worcestershire Cymraeg: Ffenestr lliw, Eglwys Sant Leonard, Bretforton, Swydd Gaerwrangon"
image_243.jpg,https://upload.wikimedia.org/wikipedia/commons/6/6f/%D0%9C%D0%BE%D1%81%D0%BA%D0%BE%D0%B2%D1%81%D0%BA%D0%B8%D0%B9-%D0%A2%D0%B5%D0%B0%D1%82%D1%80-%D0%AD%D1%81%D1%82%D1%80%D0%B0%D0%B4%D1%8B.jpg,English: Moscow Theatre Estrada
image_244.jpg,https://upload.wikimedia.org/wikipedia/commons/2/2e/Papendrecht_kunstwerk_volupt%C3%A9.jpg,"""Nederlands: Beeldenboulevard Papendrecht, Merwehoofd. Kunstwerk """"Volupté"""" van Maïte Duval."""
image_245.jpg,https://upload.wikimedia.org/wikipedia/commons/7/79/Map_of_Moscow_East_%28Taganka%29%2C_1768.jpg,"Map of eastern Moscow (Tagansky District, southern side of Basmanny District). 1760-1768."
image_246.jpg,https://upload.wikimedia.org/wikipedia/commons/f/f9/Campari_Novi_Ligure.jpg,"""Italiano: Lo stabilimento della """"Campari"""" a Novi Ligure, situato nei pressi della Strada Provinciale 115."""
image_247.jpg,https://upload.wikimedia.org/wikipedia/commons/9/9e/Horthy_%C3%A9s_Hitler_Kielben.jpg,Magyar: Horthy és Hitler Kielben
image_248.jpg,http://upload.wikimedia.org/wikipedia/commons/4/4e/Timex_Datalink_50_with_resin_strap.JPG,English: Please see filename
image_249.jpg,https://upload.wikimedia.org/wikipedia/commons/b/b1/Chapelle_Notre-Dame_du_Perp%C3%A9tuel_Secours.jpg,"Français&#160;: Chapelle Notre-Dame du Perpétuel Secours, à l'entrée du hameau de Ermensbach. Rimbach-près-Masevaux. Haut-Rhin."
image_250.jpg,https://upload.wikimedia.org/wikipedia/commons/2/2c/%D7%9E%D7%97%D7%95%D7%96_%D7%94%D7%93%D7%A8%D7%95%D7%9D.JPG,"מחוז הדרום, מחולק לנפות"
image_251.jpg,https://upload.wikimedia.org/wikipedia/commons/b/b3/MoreshetKeshet.jpg,"""עברית: ותיקי צוות אח""""י קשת מספרים על קרבות הטילים במלחמת יום הכיפורים לקדטים בבית הספר לקציני ים עכו"""
image_252.jpg,https://upload.wikimedia.org/wikipedia/commons/2/21/Ole_Olsen_bust.jpg,"English: Close up of Ole Olsen monument in Hammerfest, by me on 17 May 2007 Manxruler 21:53, 8 June 2007 (UTC)"
image_253.jpg,https://upload.wikimedia.org/wikipedia/commons/b/be/EIVISSA_03_%281590948910%29.jpg,Català: Muralla d´entrada a &quot;Dalt Vila&quot; This is a photo of a monument indexed in the Spanish heritage register of Bienes de Interés Cultural under the reference RI-51-0001114.
image_254.jpg,https://upload.wikimedia.org/wikipedia/commons/d/db/BC_Government_House_Side.jpg,BC's Government House
image_255.jpg,https://upload.wikimedia.org/wikipedia/commons/c/c1/Straight8.jpg,"A en:1940s en:Oldsmobile en:Straight-8 engine. Photograph taken by Morven at the weekly en:Garden Grove, California car show on Friday, en:May 14, en:2004."
image_256.jpg,https://upload.wikimedia.org/wikipedia/commons/1/18/KKKV_S%C3%A1l.jpg,Čeština: Multifunkční společenský sál.
image_257.jpg,https://upload.wikimedia.org/wikipedia/commons/8/8a/9th_Earl_of_Argyll_1680.jpg,"""English: by David Loggan, line engraving, circa 1680, described as """"from life"""" ('vivum scul.')"""
image_258.jpg,https://upload.wikimedia.org/wikipedia/commons/a/a4/Yiftahel_Pre-Pottery_Neolithic_B_flint_arrowheads.jpg,Yiftahel Pre-Pottery Neolithic B flint arrowheads.
image_259.jpg,https://upload.wikimedia.org/wikipedia/commons/7/78/Polbo_a_feira.jpg,Prato preparado de polbo á feira'Polbo á feira'
image_260.jpg,http://upload.wikimedia.org/wikipedia/commons/9/92/Noureini_Tidjani-Serpos_Official_portrait.jpg,"Français&#160;: Noureini TIDJANI-SERPOS, sous-directeur général de l'UNESCO chargé du Département Afrique"
image_261.jpg,https://upload.wikimedia.org/wikipedia/commons/8/87/PhnomKromEntrance.png,English: Entrance view of the Angkor temple Phnom Krom
image_262.jpg,http://upload.wikimedia.org/wikipedia/commons/7/7a/Vivenkapelle_-_Onze-Lieve-Vrouw_Geboortekerk_2.jpg,"Nederlands: Onze-Lieve-Vrouw Geboortkerk in Vivenkapelle. English: Church of the Nativity of Mary in Vivenkapelle. Vivenkapelle, Damme, West Flanders, Belgium"
image_263.jpg,https://upload.wikimedia.org/wikipedia/commons/7/7f/Canaval_2010_-_Margareth_Menezes_no_trio_Afropopbrasileiro.jpg,"Português: Margareth Menezes recebe convidados no trio Afropopbrasileiro durante o Carnaval 2010, na Barra."
image_264.jpg,http://upload.wikimedia.org/wikipedia/commons/8/80/FileZilla3_CZ.png,English: FileZilla v 3.3 CZ in Windows 7 Čeština: FileZilla v. 3.3 CZ ve Windows 7
image_265.jpg,https://upload.wikimedia.org/wikipedia/commons/8/8d/Dozvola_za_velosiped.jpg,"Македонски: Сообраќајна дозвола за велосипед, издадена во 1935 година. English: Driving license for bike, released in 1935. This media file is produced by Wikipedian in Residence in Category:Wikipedian in Residence at DARM in 2016."
image_266.jpg,https://upload.wikimedia.org/wikipedia/commons/b/be/Daping%2C_Shaoshan_09.jpg,"English: Daping Township (simplified Chinese: 大坪乡; traditional Chinese: 大坪鄉; pinyin: Daping Xiang), is an rural township in Shaoshan City, Xiangtan City, Hunan Province, People's Republic of China. 中文（简体）‎: 韶山市大坪乡，毛泽东外婆故里。"
image_267.jpg,https://upload.wikimedia.org/wikipedia/commons/1/15/Ren%C3%A9_Weverbergh_1935.jpg,"Français&#160;: René Weverbergh, lors du voyage Belgique-Congo en avion, 1935."
image_268.jpg,https://upload.wikimedia.org/wikipedia/commons/4/45/E-burg_asv2019-05_img33_Belinsky_Library.jpg,"English: Belinsky Library in Ekaterinburg, Russia Русский: Библиотека имени Белинского в Екатеринбурге"
image_269.jpg,https://upload.wikimedia.org/wikipedia/commons/4/42/20140808%EB%8B%A4%EB%AC%B8%ED%99%94%EA%B0%80%EC%A1%B1%EA%B3%BC_%ED%95%A8%EA%BB%98119%EC%84%9C%EC%9A%B8%ED%88%AC%EC%96%B498.jpg,한국어: 20140808다문화가족과 함께119서울투어
image_270.jpg,http://upload.wikimedia.org/wikipedia/commons/a/a5/Omelette_in_frying.JPG,עברית: חביתה באמצע הטיגון
image_271.jpg,https://upload.wikimedia.org/wikipedia/commons/4/42/Sceau_du_tabellion_de_Ch%C3%A2tillon-sous-Ma%C3%AEche.jpg,Français&#160;: Sceau d'un parchemin de la seigneurie de Châtillon-sous-Maîche.
image_272.jpg,https://upload.wikimedia.org/wikipedia/commons/2/26/Angel_fish.JPG,Pterophyllum scalare - Angel Fish
image_273.jpg,https://upload.wikimedia.org/wikipedia/commons/b/bb/Chateau_de_Montry_1900.jpg,Français&#160;: Château de Montry au début du XXe siècle
image_274.jpg,https://upload.wikimedia.org/wikipedia/commons/1/1e/Partido_Nacional_1966.png,Español: Emblema del Partido Nacional chileno entre 1966 y 1971
image_275.jpg,http://upload.wikimedia.org/wikipedia/commons/b/b7/U.S._Navy_Hospital_Corpsman_2nd_Class_Branden_Johnson%2C_second_from_left%2C_assigned_to_the_Marine_Corps_Fox_Company%2C_2nd_Battalion%2C_8th_Marine_Regiment%2C_Regimental_Combat_Team_7%2C_participates_in_a_mission_130528-M-QZ858-086.jpg,"English: U.S. Navy Hospital Corpsman 2nd Class Branden Johnson, second from left, assigned to the Marine Corps Fox Company, 2nd Battalion, 8th Marine Regiment, Regimental Combat Team 7, participates in a mission rehearsal at Camp Bastion, Helmand province, Afghanistan, May 28, 2013. Marines and Sailors with the unit conducted the rehearsal to prepare for a partnered operation with Afghan National Army soldiers."
image_276.jpg,https://upload.wikimedia.org/wikipedia/commons/3/30/Roman_Road_plaque.jpg,British English: Plaque on Freemantle Common marking the route of the Roman Road from Bitterne to Chichester
image_277.jpg,https://upload.wikimedia.org/wikipedia/commons/8/8c/AIR_NIPPON_YS-11A-213_%28JA8729_2097%29_%284079864791%29.jpg,AIR NIPPON YS-11A-213 (JA8729/2097)
image_278.jpg,https://upload.wikimedia.org/wikipedia/commons/1/19/POL_Szarbk%C3%B3w_church_03.JPG,Szarbków church
image_279.jpg,https://upload.wikimedia.org/wikipedia/commons/7/7e/%C3%89lisabeth_Vig%C3%A9e-Lebrun_Alexandre-Joseph_Falcoz_comte_puis_marquis_de_La_Blache.jpg,"English: Portrait of Alexandre de Falcoz de La Blache (1739-1799) Deutsch: Élisabeth Vigée-Lebrun (1755–1842): Alexandre-Joseph Falcoz Graf, dann Marquis de La Blache (1739–1799), Maréchal de camp (Brigadegeneral), Urgroßneffe und Erbe des Financiers Joseph Pâris-Duverney (1684–1770), nach dessen Tod 1770–1778 Prozessgegner von dessen Associé Pierre-Augustin Caron de Beaumarchais (1732–1799)."
image_280.jpg,http://upload.wikimedia.org/wikipedia/commons/c/c1/Maison_Nias.JPG,"Traditional house, Nias Island, Sumatra, Indonesia"
image_281.jpg,https://upload.wikimedia.org/wikipedia/commons/4/47/Hohner_Multimonica.jpg,"Hohner Multimonica II &#160; (released in 1940, manufactured in 1951) designed by Harald Bode, marketed in Europe from 1940. upper key: electronic monophonic sawtooth generator lower key: wind-blown reed harmonium Musikinstrumentenmuseum Berlin"
image_282.jpg,https://upload.wikimedia.org/wikipedia/commons/e/e7/Brachistochrone_with_friction.png,"English: A modified cycloid is the solution for brachistochrone problem with friction, in the figure the solution for my = 0.10. and: x = (t - sin t) + mu (1 - cos t) y = (1 - cos t) + mu (t - sin t)"
image_283.jpg,https://upload.wikimedia.org/wikipedia/commons/2/20/2016_RiP_Leak_-_by_2eight_-_8SC7388.jpg,"ARGO-Konzerte,Beck's Park Stage,Festival,Konzert,Leak,Livekonzert,Livemusik,Musik,RiP,Rock im Park 2016"
image_284.jpg,https://upload.wikimedia.org/wikipedia/commons/8/80/World_1914_empires_colonies_territory-HE.PNG,1914 empires colonies territory
image_285.jpg,https://upload.wikimedia.org/wikipedia/commons/4/43/Felicity_Inverness_Museum.JPG,"""English: photo of the taxidermied remains of """"Felicity"""" a Puma captured in the wild near Cannich in Scotland in 1980"""
image_286.jpg,https://upload.wikimedia.org/wikipedia/commons/b/b4/Tiger_and_Earl_Woods_Fort_Bragg_2004.jpg,"Golfer Tiger Woods, left, answers questions about his week-long Army experience at Fort Bragg, during a press conference there April 16 after a youth golf clinic. Woods took part in a variety of training events, including a jump from an airplane. Beside Woods is his father, retired Army Lt. Col. Earl Woods, a former Green Beret who served at Fort Bragg."
image_287.jpg,https://upload.wikimedia.org/wikipedia/commons/5/59/Amarako_eskolak.JPG,Urbieta kaleko Amarako eskolak
image_288.jpg,http://upload.wikimedia.org/wikipedia/commons/3/3f/Nicola_Perscheid_-_Wilhelm_Heye_vor_1930.jpg,Deutsch: Porträt des Generals Wilhelm Heye.
image_289.jpg,https://upload.wikimedia.org/wikipedia/commons/3/3f/Avro_Lancaster_June_17_2007.jpg,"I took this image on Sunday, June 17, 2007 at the Canadian Warplane Heritage Museum in Hamilton, Ontario, Canada. It is for use in the n:Wikinews reporter attends warplane airshow in Hamilton, Ontario, Canada article."
image_290.jpg,https://upload.wikimedia.org/wikipedia/commons/0/0e/Oehringen-stiftsk-hohen3.jpg,Hohenlohe-Grabmal im Hochchor der Stiftskirche in Öhringen
image_291.jpg,https://upload.wikimedia.org/wikipedia/commons/9/9e/Lynval_Golding_2.JPG,"English: Lynval Golding performing with The Specials at the Vic Theatre in Chicago, IL March 11, 2013"
image_292.jpg,https://upload.wikimedia.org/wikipedia/commons/e/ed/Reformat_Church_in_Acas%2C_Satu_Mare_County-1.JPG,"Reformat Church in Acâş, Satu Mare County, Romania"
image_293.jpg,https://upload.wikimedia.org/wikipedia/commons/2/21/AlexandreVinet.jpg,en:Alexandre Vinet de:Alexandre Vinet
image_294.jpg,https://upload.wikimedia.org/wikipedia/commons/1/1a/ViveB%C3%BAs-Cami%C3%B3n.jpg,Español: Autobús parte de la flotilla del ViveBús de Chihuahua.
image_295.jpg,https://upload.wikimedia.org/wikipedia/commons/a/a0/Brijan_85.JPG,"English: Brijan Tour's 85 (XIL 8583), a Dennis Dart/Plaxton Pointer in Southampton on route 7."
image_296.jpg,https://upload.wikimedia.org/wikipedia/commons/c/c8/Langenlonsheim_%28Bad_Kreuznach%29%2C_Neugotischer_Turm_der_evangelischen_Kirche_mit_Fialen_und_Spitzbogenfenstern%2C_um_1868.jpg,"English: Friedrich Schmitt u.a.: Ortsgeschichte Langenlonsheim, Wiesbaden 1991 (hrsg. von der Ortsgemeinde Langenlonsheim), S. 331"
image_297.jpg,https://upload.wikimedia.org/wikipedia/commons/e/e2/Ica_hk1.jpg,English: Island Christian Academy in Hong Kong Island 日本語: Island Christian Academyの校舎である。
image_298.jpg,https://upload.wikimedia.org/wikipedia/commons/2/26/Ghostrider_Entrance.jpg,English: Ghostrider Entrance
image_299.jpg,https://upload.wikimedia.org/wikipedia/commons/d/dc/Ruffin_Officium.jpg,"English: November page of a calendar inside the Officium Beatae Mariae written by Claude Ruffin, Paris, 1603."
image_300.jpg,https://upload.wikimedia.org/wikipedia/commons/2/21/Black-headed_Woodpecker_Picus_erythropygius_1200px.jpg,A photograph of a Black-headed Woodpeckeren (Picus erythropygius en ). Photo taken at the National Aviary. Camera and Exposure Details:Camera: Nikon D50Lens: Quantaray AF Zoom 70-300mm 1:4-5.6D LDO MacroExposure: 300mm (450mm in 35mm equivalent) f/8 @ 1/5 s.&#160;(1600 ISO)
image_301.jpg,https://upload.wikimedia.org/wikipedia/commons/f/f7/Carmine_%28Furnari%29_03_01_2020_12.jpg,Italiano: Crocifisso.
image_302.jpg,https://upload.wikimedia.org/wikipedia/commons/1/18/Pn-pravez-class-5.jpg,"""Русский: Лозунг на стене: «Программирование — вторая грамотность. Первая грамотность даёт знания, вторая — позволяет реализовать свои знания в действии». — Компьютерный класс школы № 2 на Чкаловском посёлке, первая зимняя детская компьютерная школа (1985—86), компьютеры «Правец 82». С компьютерами знакомятся неизвестные школьные работники. Зимой в этом классе велись занятия для детей и для взрослых. Экзаменов не было: дети отчитывались творческими работами, а взрослые никак не отчитывались. Занятия вели молодые сотрудники Института программных систем: Пинчуки, Hестеровы, Грязновы, Вячеслав Крюков, Леонас, Люся Гайдар, Чернышенко. English: The slogan on the wall: """"Programming is the second literacy. The first one gives you knowledge: the second allows you to implement it in practice."""" — The first winter computer class for children (1985-6), a class at Chkalovski Village School No. 2, using """"Pravets 82"""" computers. On the photo, unidentified school workers are familiarizing themselves with computers. In winter, a class was held here for children and adults. There were no exams: children were graded for creative works, and adults were not graded at all. Classes were conducted by young members of Institute of Software Systems: Pinchuks, Nesterovs, Gryaznovs, Vyacheslav Kryukov, Leonas, Lucy Gaidar, Chernyshenko.) (Translated from the Russian by JohnChrysostom and User:95.26.253.91"""
image_303.jpg,https://upload.wikimedia.org/wikipedia/commons/c/ca/Jean-Paul_Chambas_%281995%29.png,Français&#160;: Portrait de Jean-Paul Chambas
image_304.jpg,https://upload.wikimedia.org/wikipedia/commons/c/c8/Sofia_vue_du_Vitocha.JPG,Français&#160;: La plaine de Sofia vue du Vitocha Deutsch: Die Sofioter Ebene vom Witoscha-Gebirge aus gesehen
image_305.jpg,https://upload.wikimedia.org/wikipedia/commons/4/44/Diode_hf_0v2.JPG,Français&#160;: Poste a galène. Cette image représente le signal modulateur celui basse fréquence sans filtrage
image_306.jpg,https://upload.wikimedia.org/wikipedia/commons/7/71/Shagai_Fort_02.jpg,English: Shagai Fort is an imposing red fort.It was built by the British in the 1920s and is now manned by the Frontier Force.The Fort was an important base in the tribal zone of Pakistan.For many years it is the headquarters of the Khyber Rifles - the traditional guardians of the pass and it is stragically placed at the centre of the Kyber. This is a photo of a monument in Pakistan identified as the FATA-5
image_307.jpg,https://upload.wikimedia.org/wikipedia/commons/a/ab/%C3%9C%C3%A7_G%C3%BCzeller_mozai%C4%9Fi.jpg,Türkçe: Narlıkuyu Mozaik Müzesi içerisindeki Üç Güzeller mozaiği.
image_308.jpg,https://upload.wikimedia.org/wikipedia/commons/3/33/20180111135DR_Dresden-Tolkewitz_Bethlehemkirche.jpg,"Deutsch: 11.01.2018 01705 Dresden-Tolkewitz, Marienberger Straße 65 (GMP: 51.032102,13.822079): Evangelische Bethlehemkirche. Erbaut 1950/51 nach Plänen von Wolfgang Rauda mit einer Orgel der Firma Jehmlich aus Dresden. [SAM3470.JPG]20180111135DR.JPG(c)Blobelt"
image_309.jpg,https://upload.wikimedia.org/wikipedia/commons/d/dd/County_Cork_-_Dereenataggart_-_20100618043056.jpg,"English: County Cork, Dereenataggart. Wikidata has entry Q30161058 with data related to this item."
image_310.jpg,https://upload.wikimedia.org/wikipedia/commons/5/5e/FIL_2013_-_bagado%C3%B9_national_championship_results_-_6923_Bagad_Ro%C3%B1sed-Mor.JPG,Français&#160;: Annonce des résultats du championnat national des bagadoù 2013 dans le cadre du festival interceltique de Lorient&#160;: Bagad Roñsed-Mor
image_311.jpg,https://upload.wikimedia.org/wikipedia/commons/1/1c/2011-02-12-brodowin-by-RalfR-41.jpg,Brodowin
image_312.jpg,https://upload.wikimedia.org/wikipedia/commons/6/62/%D0%91%D0%B0%D0%BA%D1%82%D1%80%D0%B8%D0%B9%D0%BA%D0%B0.JPG,Русский: Бактрийская женская одежда Кафирниган (Таджикистан). Экспонат находится в Национальном музее Таджикистана г Душанбе
image_313.jpg,https://upload.wikimedia.org/wikipedia/commons/3/35/Albury_Airport_terminal_%281%29.jpg,English: Albury Airport terminal.
image_314.jpg,https://upload.wikimedia.org/wikipedia/commons/0/0a/ESC2019_-_Finland.jpg,English: At the 2019 Eurovision Song Contest Semi-final 1 dress rehearsal
image_315.jpg,https://upload.wikimedia.org/wikipedia/commons/6/65/1-%D0%B9_%D0%A1%D0%B5%D0%B2%D0%B5%D1%80%D0%BD%D1%8B%D0%B9_%D1%84%D0%BE%D1%80%D1%82.jpg,English: First Northern Fort of Kronstadt Русский: Первый Северный форт
image_316.jpg,https://upload.wikimedia.org/wikipedia/commons/a/a5/Onego_lake.jpg,"English: Onego lakeРусский: Онежское озеро и окружающая местность, вид из космоса. Цифрами обозначены крупнейшие заливы, острова, достопримечательности, озёра: 1. Свирская губа 2. Петрозаводская губа 3. Залив Большое Онего 4. Кондопожская губа 5. Залив Малое Онего 6. Заонежский залив 7. Повенецкий залив 8. Остров Кижи 9. Озеро Водлозеро 10. Ивинский Разлив 11. Мыс Бесов Нос 12. Большой Клименецкий остров"
image_317.jpg,https://upload.wikimedia.org/wikipedia/commons/e/ef/Morris_Ten-Six_spacial_bodied_cabriolet_1378cc_August_1935.JPG,English: Special bodied Morris Ten-Six cabriolet
image_318.jpg,https://upload.wikimedia.org/wikipedia/commons/b/bf/Carpegna2.png,English: Blason Carpegna-Gattara
image_319.jpg,https://upload.wikimedia.org/wikipedia/commons/8/88/ATSF_2705_CA_Cajon.jpg,"English: A trio of Santa Fe Railroad EMD GP units &#8212; a GP30 (in the lead), a GP35 and a GP20 &#8212; run light up Cajon Pass in California in the late 1980s. These locomotives will be helper power on a westbound train to assist in braking on the downgrade of the mountain pass. Photo by Sean Lamb (User:Slambo)"
